Query,Rank,Document_ID,Similarity
1,1,00533,0.7033764076371204
1,2,00040,0.6400965030482612
1,3,00957,0.6329000149256485
1,4,00741,0.5899740018247213
1,5,00636,0.5712137503197521
1,6,00454,0.5503466240466338
1,7,00701,0.5415024713981375
1,8,01193,0.539365566629261
1,9,00789,0.5304032256426859
1,10,00484,0.5190623126498939
1,11,00967,0.5156905873593707
1,12,00950,0.5138331098275466
1,13,00139,0.5060007793455006
1,14,00052,0.48986651533225767
1,15,00527,0.48388958230952295
1,16,00085,0.4822374307010964
1,17,00043,0.48047979929259926
1,18,00302,0.45142056749247145
1,19,01026,0.44761053422475294
1,20,00827,0.4338602234800255
1,21,00437,0.4273901394580249
1,22,00526,0.42709134196804416
1,23,00960,0.4193006859275163
1,24,00918,0.413130798248055
1,25,00850,0.40884586791924515
1,26,00481,0.40152440327891836
1,27,01188,0.39372712993521375
1,28,01201,0.38410257542333137
1,29,00942,0.3839324280189387
1,30,00171,0.3721636570623001
1,31,00505,0.36517836378169977
1,32,00729,0.36506670916451545
1,33,00568,0.35969997829293315
1,34,00027,0.35883992130468323
1,35,00435,0.3570593894053755
1,36,00154,0.35044056016815534
1,37,00246,0.3473464474038063
1,38,00884,0.3346986225657909
1,39,01092,0.33441604034908234
1,40,00522,0.3309660267494748
1,41,00754,0.3276362192832325
1,42,00053,0.3170985630080615
1,43,00467,0.3144219730633031
1,44,00316,0.31344542278118664
1,45,00392,0.3126420425333445
1,46,00044,0.31248150730071267
1,47,00564,0.30862324148571757
1,48,00563,0.3083309482454987
1,49,00444,0.3054508438568321
1,50,00147,0.3015522675134266
1,51,00499,0.30082434344851594
1,52,00277,0.29952097466002314
1,53,01233,0.29771348099644457
1,54,00265,0.29639990820866347
1,55,01185,0.2949593082859712
1,56,00329,0.294035044083035
1,57,00620,0.29108279149961225
1,58,00303,0.2887570231524181
1,59,00461,0.28848305389381135
1,60,00753,0.2868407129548637
1,61,00352,0.28557790122502097
1,62,00705,0.28478306043483564
1,63,01167,0.2793045106272279
1,64,00324,0.2781643720947526
1,65,00595,0.27741076324429886
1,66,00451,0.27733717916883305
1,67,00151,0.2772520100934457
1,68,00925,0.27538185763534656
1,69,00847,0.2747962581048982
1,70,00281,0.2732369500341158
1,71,00838,0.2710718445931692
1,72,00802,0.2685836048256515
1,73,00130,0.2675209721777358
1,74,00436,0.2666413540866356
1,75,00245,0.26362568940818015
1,76,00958,0.2635466106387536
1,77,00990,0.2624980448780065
1,78,00783,0.2605154350788458
1,79,00011,0.2591400032646471
1,80,01009,0.2582079973900097
1,81,00311,0.2574744109524199
1,82,00551,0.25635090364744445
1,83,00179,0.25481444273983533
1,84,00028,0.2543151149716892
1,85,00869,0.25243375439011095
1,86,01120,0.2523056227477895
1,87,00511,0.25203465508407014
1,88,00675,0.2517779732932438
1,89,01036,0.251547720070221
1,90,00521,0.25011395680887966
1,91,01107,0.24947432997921692
1,92,00270,0.24816269632209614
1,93,00523,0.24682917521265318
1,94,00532,0.24531470673711875
1,95,00999,0.24521482478333526
1,96,00542,0.24395136053019037
1,97,00501,0.2426897850478559
1,98,00828,0.24222424143856455
1,99,00531,0.24181958667808828
1,100,00498,0.23992840905113882
2,1,01082,0.5145319456245211
2,2,00006,0.5121881938106755
2,3,00001,0.5018596596690471
2,4,00007,0.4741748723687121
2,5,00598,0.467023271248707
2,6,00176,0.465078606886812
2,7,00590,0.4588331743877443
2,8,01170,0.45756198050635444
2,9,00095,0.4568987485787799
2,10,00733,0.44702156821518996
2,11,00160,0.40852302986081085
2,12,00080,0.407830969415041
2,13,00592,0.40498245125987004
2,14,00761,0.3996979253561787
2,15,00271,0.3992853729818545
2,16,01143,0.3966540747025461
2,17,00048,0.396000461055824
2,18,01091,0.39117392718751653
2,19,00558,0.3872546484172512
2,20,00137,0.3857257963928603
2,21,00769,0.37533689615786486
2,22,00910,0.37490289924871584
2,23,00618,0.3726152118306069
2,24,00742,0.35681964265864247
2,25,01125,0.35396954471597963
2,26,00417,0.3539003584258801
2,27,00400,0.35225526217312675
2,28,00384,0.3503516824175611
2,29,00517,0.35012127357905065
2,30,00980,0.3476635556150266
2,31,00555,0.34733199603768394
2,32,00588,0.3461455413750382
2,33,00427,0.344262766884126
2,34,00873,0.34298419216545073
2,35,00683,0.33928528954882914
2,36,00912,0.33341603713690127
2,37,00261,0.33295268888673907
2,38,00556,0.33244660605663323
2,39,00459,0.3304090543489486
2,40,00487,0.3284641850590045
2,41,00062,0.32689685175369176
2,42,00790,0.3255452622248583
2,43,00188,0.3195449690263255
2,44,01197,0.31626640696025027
2,45,00754,0.3147014004134628
2,46,01040,0.3053781153054908
2,47,01109,0.3045444852276286
2,48,00029,0.3042698423895792
2,49,00903,0.3037221507534459
2,50,00457,0.3026948664344215
2,51,00189,0.3024582692356393
2,52,00768,0.30010407600803424
2,53,00066,0.2950816069632756
2,54,00614,0.2922958691208883
2,55,00767,0.2922265721326385
2,56,00432,0.29157426137238734
2,57,00168,0.28973817815296804
2,58,00874,0.28890978938434436
2,59,00008,0.2875554052210001
2,60,00270,0.28512301257417216
2,61,00056,0.28405755076997674
2,62,00159,0.28302087111374297
2,63,01208,0.28289263419122246
2,64,01211,0.2799336586751814
2,65,01080,0.2789661049487273
2,66,00114,0.2788853416461124
2,67,00407,0.27857067407892827
2,68,01171,0.2768871987221543
2,69,00265,0.2742733247543113
2,70,00377,0.27414433353856466
2,71,00589,0.2740486675162489
2,72,01223,0.2739697420897768
2,73,00800,0.2731766447345758
2,74,01089,0.2729445303953716
2,75,00015,0.27226850719045126
2,76,00753,0.2703257120844453
2,77,00297,0.2698627367361288
2,78,01065,0.2676080460898899
2,79,01238,0.26700025790043136
2,80,00325,0.2669706759641032
2,81,00682,0.2668033356319359
2,82,01172,0.2659756942280409
2,83,00862,0.2657606995057252
2,84,00179,0.2652278801872819
2,85,01078,0.2629134559915628
2,86,01227,0.2605467017679999
2,87,00869,0.2593781321511971
2,88,01137,0.25721875979191733
2,89,00141,0.2566953557980016
2,90,00017,0.2563003243272325
2,91,00134,0.255921109175179
2,92,00550,0.25534304024569593
2,93,00041,0.25473713250596625
2,94,00458,0.25367698600488725
2,95,00345,0.25354719818224963
2,96,00774,0.25104746649607734
2,97,00111,0.2509738916246479
2,98,00437,0.25026941808246245
2,99,00714,0.24986780385858404
2,100,00202,0.24948327687339808
3,1,00633,0.6364477970723426
3,2,00356,0.6154890431761075
3,3,00002,0.5875517330864637
3,4,00619,0.5107144786444384
3,5,00310,0.5081836053718064
3,6,00528,0.4970782621923134
3,7,00409,0.49676200790874553
3,8,00399,0.4868894965089729
3,9,01206,0.4724341898814819
3,10,01199,0.45530612501063883
3,11,00051,0.45398121818838816
3,12,01196,0.45360805634016527
3,13,00886,0.4406742746320157
3,14,00054,0.43355279595641605
3,15,00586,0.43189145959361747
3,16,01231,0.43015208835337615
3,17,00958,0.4283871516389123
3,18,00269,0.4273923532846338
3,19,00259,0.4262199611830824
3,20,01121,0.4253647977502907
3,21,00702,0.425312706245165
3,22,01029,0.4252052381816246
3,23,00536,0.42394520392540047
3,24,00737,0.4128894616949596
3,25,00367,0.41010439107246593
3,26,00848,0.4086551979391635
3,27,00390,0.40389350017219733
3,28,00136,0.3992463515045968
3,29,00124,0.39868832523865544
3,30,00764,0.39746150439874256
3,31,00710,0.3918381301662555
3,32,01224,0.39030834832347655
3,33,01161,0.3898562248914793
3,34,00077,0.389256640742657
3,35,00829,0.3881388775197873
3,36,01024,0.387987849712876
3,37,00172,0.3869114063726105
3,38,01230,0.38183817272650233
3,39,00462,0.37896617608926364
3,40,00674,0.37787131969501375
3,41,00143,0.37611924757228155
3,42,01132,0.37608128643706695
3,43,00023,0.3759191618291553
3,44,00885,0.3755075395397751
3,45,00956,0.3748473055707577
3,46,00680,0.37028206085935833
3,47,00606,0.36980579919213524
3,48,00617,0.3681295321547126
3,49,00308,0.3672811945083017
3,50,00520,0.36720065511649924
3,51,01142,0.36097821198896596
3,52,00529,0.360705704027049
3,53,00845,0.3595460651900818
3,54,00497,0.3591709912961585
3,55,00196,0.35763713467389646
3,56,00194,0.3571778494259176
3,57,00901,0.35556352850402745
3,58,01148,0.35548634127529805
3,59,00307,0.3546668619670643
3,60,00072,0.3539021748979989
3,61,00191,0.3520159462904766
3,62,00602,0.351245106433615
3,63,00635,0.3498401314005665
3,64,00972,0.3491101690291133
3,65,00828,0.3487944105333624
3,66,00154,0.3483294678869583
3,67,01209,0.3448174107573944
3,68,00873,0.34393432807666857
3,69,00065,0.3438595255862417
3,70,00306,0.3437252614153166
3,71,00486,0.34160413746364604
3,72,00022,0.34063066752922866
3,73,00309,0.3391780395171717
3,74,00640,0.33835999237326964
3,75,00675,0.3379899349709025
3,76,00231,0.3331516805603137
3,77,01144,0.3306408144408356
3,78,00521,0.32996998920856124
3,79,01007,0.32819672155146157
3,80,01236,0.3237232003194861
3,81,00553,0.3234184008338567
3,82,00229,0.32337944304518
3,83,00201,0.3224784832415909
3,84,00500,0.3218718202906059
3,85,01058,0.3209991941098561
3,86,00436,0.3206460144879965
3,87,00439,0.32040097108227145
3,88,00320,0.31998498181677365
3,89,00268,0.31942721302136085
3,90,01004,0.31803056429130655
3,91,00515,0.3172503085067756
3,92,00959,0.3170723049445075
3,93,00324,0.3166936545527197
3,94,00147,0.3158995180896032
3,95,00122,0.31587856961098215
3,96,00667,0.31535958834271793
3,97,00311,0.3149439233092524
3,98,00218,0.3136718682031689
3,99,00856,0.3090324283366963
3,100,00565,0.30833505827380875
4,1,00604,0.6417712411946894
4,2,01030,0.6219154768174707
4,3,01039,0.6126742405943252
4,4,00876,0.5547358088834883
4,5,00461,0.5519485347325557
4,6,00539,0.5182722903058523
4,7,00357,0.5133693505824726
4,8,00725,0.5132964302354648
4,9,00374,0.5059931507405123
4,10,00715,0.45668233322816343
4,11,00402,0.45293925919086986
4,12,00311,0.4344044111428401
4,13,01197,0.43401006124096897
4,14,00568,0.42165955116450676
4,15,00820,0.4103951324698741
4,16,00497,0.3924568949615078
4,17,00867,0.3878575507096562
4,18,00585,0.381148667855762
4,19,00471,0.3791012141359727
4,20,00928,0.37848595053742345
4,21,00515,0.3635406830126044
4,22,00662,0.36297665977611154
4,23,00695,0.3518947623753207
4,24,00711,0.32003335628547336
4,25,00536,0.31951057017416806
4,26,01053,0.3125918848514462
4,27,00375,0.30467745086929265
4,28,00503,0.3004832148763827
4,29,01120,0.3002344041892868
4,30,00955,0.2844323446367406
4,31,00023,0.28407540713192164
4,32,00827,0.2788908777863554
4,33,00710,0.27888249582486874
4,34,00980,0.278124851637061
4,35,00991,0.2752513677103703
4,36,00910,0.27344065459052047
4,37,00498,0.27151437750969704
4,38,00509,0.2714379804167242
4,39,00406,0.2704191589219105
4,40,00621,0.2677954588527688
4,41,00114,0.2608445400212621
4,42,00148,0.2604177552421032
4,43,00669,0.25888113554519554
4,44,00007,0.2556030226154364
4,45,00160,0.25352671700376433
4,46,01168,0.2512820161293142
4,47,00875,0.25045586969670497
4,48,00736,0.24990399447247463
4,49,00011,0.2496787926855189
4,50,00312,0.24828242494059594
4,51,00768,0.24728790598972503
4,52,01229,0.24601341412092745
4,53,01067,0.24581394186348393
4,54,00441,0.24483699501353923
4,55,00135,0.24375554432167393
4,56,00253,0.24127657730463525
4,57,01066,0.24039756234107282
4,58,00787,0.24013209013252818
4,59,00215,0.2398990721512359
4,60,01153,0.2376006808834148
4,61,00924,0.23733519204897702
4,62,00045,0.23509578581672502
4,63,00835,0.23308130317601186
4,64,00499,0.23040353021587484
4,65,00025,0.2242949591978486
4,66,00325,0.22164235058556553
4,67,01228,0.22032763490464694
4,68,00457,0.2196731932433763
4,69,00269,0.2196123092555085
4,70,00495,0.21841069350143025
4,71,00333,0.21814250545661065
4,72,00299,0.21488666808258455
4,73,01080,0.21181233180893438
4,74,00555,0.2105439916400159
4,75,01192,0.2079206966656876
4,76,00494,0.2044696154001924
4,77,00008,0.20075773668846436
4,78,01167,0.19867644479489147
4,79,00133,0.19807137188377846
4,80,00015,0.1978722208775612
4,81,00143,0.19745402851794852
4,82,00270,0.1966067253158231
4,83,00288,0.19496127081538756
4,84,00684,0.19414348964677408
4,85,00731,0.19149236674062428
4,86,01170,0.19137198044166098
4,87,00694,0.18975603140017416
4,88,00758,0.18907548704229815
4,89,00189,0.1883822382143177
4,90,00861,0.18805693884534208
4,91,00169,0.18418182465669375
4,92,00912,0.1832663434094309
4,93,00614,0.1818935935628637
4,94,00452,0.17756694822319255
4,95,00567,0.17678126717022538
4,96,00077,0.17607781284353777
4,97,00560,0.17565359386775364
4,98,00052,0.17559470213035375
4,99,00493,0.1747167283266017
4,100,00554,0.1736686636808848
5,1,01057,0.7313420976994266
5,2,00117,0.6996729704904939
5,3,00364,0.6558673041767613
5,4,00552,0.6338859756860171
5,5,00608,0.622700127166162
5,6,00623,0.6172410280674157
5,7,00501,0.6148267529264261
5,8,00594,0.6105287456039852
5,9,00776,0.6056562846005762
5,10,00299,0.5893204502147352
5,11,01063,0.5195857262937288
5,12,00151,0.5056974846205341
5,13,00925,0.505661561861557
5,14,00504,0.5013694323802159
5,15,00977,0.4889002055065289
5,16,00481,0.4884046380705112
5,17,01110,0.4824542775991796
5,18,00020,0.4720162242772544
5,19,00872,0.4695590741346511
5,20,00711,0.46467358813283827
5,21,00498,0.4640132987287987
5,22,00927,0.4556815272682188
5,23,00754,0.45047571458697544
5,24,00691,0.442537677249956
5,25,00084,0.4367746282472178
5,26,00975,0.42978934649427253
5,27,00352,0.4250410793710803
5,28,00265,0.42460004248884897
5,29,00587,0.4075333172118761
5,30,01072,0.404202090925618
5,31,00814,0.40046034327531854
5,32,00499,0.37186252390590224
5,33,00640,0.3628736143897493
5,34,00480,0.35776656593453515
5,35,00437,0.34905427867991284
5,36,01135,0.3481033722061507
5,37,00564,0.3453293165598738
5,38,00490,0.34089811143848425
5,39,01156,0.3403804781565886
5,40,00382,0.3369976820022824
5,41,00566,0.33572065048448635
5,42,00503,0.3353863636670082
5,43,01238,0.33316018406600006
5,44,00270,0.3327299866859368
5,45,00149,0.32940945614537803
5,46,00745,0.3288064671305606
5,47,00630,0.3287067635487528
5,48,01192,0.3219401050003729
5,49,00571,0.319412324217574
5,50,00163,0.3187657686467583
5,51,01141,0.3156814130087084
5,52,00463,0.3133868443342668
5,53,00592,0.31280266387845307
5,54,00602,0.3121132224622061
5,55,00906,0.31141698079366403
5,56,00168,0.3063747269283003
5,57,01237,0.30596168915180216
5,58,00393,0.3045091929283316
5,59,00568,0.30283023957262256
5,60,00170,0.3000142601211548
5,61,00189,0.2997732611731167
5,62,00230,0.29706477132138576
5,63,00266,0.2944458123351445
5,64,00190,0.29316574476994994
5,65,00548,0.29198371147544616
5,66,00105,0.28869651231424936
5,67,00867,0.2870360616397106
5,68,00368,0.28442489746077554
5,69,00016,0.27873693291885865
5,70,00076,0.27803479734066266
5,71,01038,0.27741124272563933
5,72,00681,0.2731515588827856
5,73,00980,0.26651685911910117
5,74,00388,0.25976701116853923
5,75,00689,0.2584653025035791
5,76,00276,0.24768885656747938
5,77,01047,0.24710419605507436
5,78,00434,0.24676916262362553
5,79,00263,0.24514673600741999
5,80,00446,0.24509316889626395
5,81,00328,0.24213203757517343
5,82,00869,0.24062704921040012
5,83,00312,0.2386592906109319
5,84,00827,0.23831277170656198
5,85,00097,0.2363236736241279
5,86,00505,0.23601602413871578
5,87,00553,0.23428467000303368
5,88,00449,0.23353729646689622
5,89,01130,0.23334661889496203
5,90,00416,0.2324240076642064
5,91,00114,0.23238876769835815
5,92,00524,0.2320154870460905
5,93,00811,0.2315080066568242
5,94,00110,0.23129879402825113
5,95,00562,0.22973214502780592
5,96,00868,0.22963130349249697
5,97,01045,0.22639058620095986
5,98,01136,0.22416541916083635
5,99,00041,0.22405836920540456
5,100,00771,0.22326093793533675
6,1,00031,0.5321397275645329
6,2,00593,0.526986364948015
6,3,00047,0.4941985965239217
6,4,00496,0.4839533083561858
6,5,00976,0.44580647852184785
6,6,01104,0.39256124086924565
6,7,01120,0.3877633175648223
6,8,00805,0.3877008525669256
6,9,00546,0.3860658429550758
6,10,00441,0.38518130540386875
6,11,00416,0.38437359784341907
6,12,00100,0.380674597731909
6,13,00201,0.3761659401939774
6,14,01164,0.3760630385564627
6,15,00802,0.37449995287054333
6,16,00347,0.3702038290886756
6,17,00945,0.3691961696783718
6,18,01229,0.367241586285203
6,19,00497,0.3606937797561705
6,20,00629,0.36043732090343417
6,21,00980,0.3579119215433434
6,22,01228,0.35499760670680913
6,23,00206,0.3537493041703023
6,24,00533,0.3537115836784511
6,25,01095,0.35236598729201873
6,26,00986,0.3498627572601406
6,27,00503,0.348499075099472
6,28,00109,0.3449249495320142
6,29,00922,0.3446318148995559
6,30,00554,0.34392982910578684
6,31,00887,0.34180356889612684
6,32,00820,0.3343614548465572
6,33,00923,0.33360210728394835
6,34,01149,0.3285980529011581
6,35,00577,0.32788364351207483
6,36,00875,0.3253292594953788
6,37,00718,0.3250594032479491
6,38,00542,0.3237338461318351
6,39,00844,0.3223619207955711
6,40,00864,0.3215753645252489
6,41,00369,0.3193082605918827
6,42,00753,0.3187985157351409
6,43,01048,0.3185772464289237
6,44,00950,0.3174480624028499
6,45,00557,0.3172005216655753
6,46,01086,0.3161081336003122
6,47,00189,0.31542442872293863
6,48,00374,0.315212108388
6,49,00253,0.31424295384149004
6,50,00027,0.31140709654851423
6,51,00447,0.30887506415849236
6,52,00463,0.30729181906235864
6,53,00110,0.30688227413318314
6,54,00161,0.306273282362302
6,55,00511,0.3053452748213534
6,56,00116,0.30349033192335156
6,57,00302,0.3034615586735172
6,58,00738,0.30228174128413937
6,59,00375,0.299040037889641
6,60,00458,0.2989583498748042
6,61,00524,0.2936129112628397
6,62,00749,0.2920646425883724
6,63,00580,0.2905025562450765
6,64,00340,0.29028787436635617
6,65,00701,0.28888693649000186
6,66,00312,0.2873411587658516
6,67,01155,0.2844774754696809
6,68,00043,0.28297235912013424
6,69,01099,0.28176084732469864
6,70,01221,0.28121261500787126
6,71,00729,0.2806096041961565
6,72,01167,0.2805699188417664
6,73,01042,0.28024675718435077
6,74,00024,0.28010039303291506
6,75,00698,0.27771964258709514
6,76,00787,0.2768603427098716
6,77,00281,0.2764872869024392
6,78,00294,0.2757696981984555
6,79,00085,0.2756473427346149
6,80,00631,0.27464418536303054
6,81,00080,0.2690964240137639
6,82,00061,0.2689620344070951
6,83,00195,0.26871193901285206
6,84,00476,0.26831643714448644
6,85,00323,0.26692897042556135
6,86,00987,0.26655639340061893
6,87,01210,0.2652914784518726
6,88,00193,0.2648551963354399
6,89,00734,0.2640795986579029
6,90,00208,0.2633400015299808
6,91,01169,0.26043535019988695
6,92,01035,0.2599697135890853
6,93,00341,0.25942152656204065
6,94,01032,0.2577411502456876
6,95,00532,0.25715490484410397
6,96,00515,0.25620426779721955
6,97,01005,0.2559307078775792
6,98,01012,0.2557182704679017
6,99,00892,0.2551222126591576
6,100,00112,0.2550928033713431
7,1,00256,0.5534620309588958
7,2,01058,0.5192055455495764
7,3,01209,0.5140035601652849
7,4,00886,0.507830309257973
7,5,00674,0.50747685571261
7,6,01202,0.5024268200870554
7,7,00230,0.4939246495440347
7,8,00194,0.4884878713904557
7,9,00972,0.47295243437555723
7,10,01056,0.4709331780447759
7,11,00958,0.46822659788850307
7,12,00466,0.4640356575859855
7,13,01020,0.45184144817885286
7,14,01062,0.4445428976056661
7,15,01196,0.43920435092194593
7,16,00848,0.4387420780941732
7,17,00737,0.43408004083319446
7,18,00710,0.4334126588579234
7,19,00633,0.432039420621625
7,20,00310,0.4240855022689024
7,21,00885,0.4236347122249303
7,22,00122,0.4160593417491635
7,23,00621,0.4157584332757745
7,24,00528,0.4146843253203989
7,25,00534,0.4142176448184856
7,26,00399,0.41382666515609046
7,27,00037,0.4119610388632173
7,28,01075,0.4076717984187322
7,29,00136,0.405905599772783
7,30,00901,0.3998803754312377
7,31,00306,0.39877232579817273
7,32,00142,0.39755913344372606
7,33,00536,0.3973527156862988
7,34,00750,0.3970914189547633
7,35,00269,0.39615956704988936
7,36,00409,0.3949218778838611
7,37,01236,0.3935703200654739
7,38,00172,0.39327743646531266
7,39,00143,0.39318338275860437
7,40,00702,0.39064701240753663
7,41,01094,0.38994445591795873
7,42,00497,0.3889597721215149
7,43,00565,0.38852148324286306
7,44,00856,0.3859300575054227
7,45,00675,0.38591903224332813
7,46,00275,0.3844860866319278
7,47,00754,0.38383250166362126
7,48,00259,0.38236624735172997
7,49,00305,0.3822742228848848
7,50,01029,0.3818744007123011
7,51,00795,0.3806486538104506
7,52,00390,0.38064418830230595
7,53,00124,0.3794760318890215
7,54,00356,0.3772464605951244
7,55,00284,0.37452975840095926
7,56,00567,0.37442441608831833
7,57,00530,0.3738099535093066
7,58,00173,0.37379929262742395
7,59,00228,0.37054103067660965
7,60,00191,0.3700036637514915
7,61,00051,0.36816407751305685
7,62,01144,0.36509349705435373
7,63,01231,0.36225267201847966
7,64,00951,0.36175876926769196
7,65,01068,0.35784918497499313
7,66,00307,0.3565862543116234
7,67,00564,0.35654163869403527
7,68,00054,0.35631455916760735
7,69,01204,0.3537284110524389
7,70,00147,0.3526732903567672
7,71,00303,0.35055639176319375
7,72,00890,0.34951007352217883
7,73,00324,0.3488400757754286
7,74,00320,0.3473464046738029
7,75,00883,0.3440279091081576
7,76,00105,0.3438605010519786
7,77,01060,0.3398286906367583
7,78,01043,0.33929596845859583
7,79,00743,0.33795253251512974
7,80,00083,0.33717517359311777
7,81,00268,0.33626016418769206
7,82,00300,0.33594331404391603
7,83,00721,0.33553377599781986
7,84,01161,0.33210053788141486
7,85,01148,0.3315537994512589
7,86,01024,0.33105815147479917
7,87,00121,0.33027009045381145
7,88,00196,0.33012567028539064
7,89,00520,0.32970856384910435
7,90,00317,0.3285902585025928
7,91,00486,0.32853585044090206
7,92,00840,0.3277270251659198
7,93,01090,0.32734667490240504
7,94,01025,0.3270053248683454
7,95,00606,0.32616242318828187
7,96,00169,0.3230595954427241
7,97,00683,0.32271834742563715
7,98,00680,0.3224978475011654
7,99,00686,0.3217037519085272
7,100,00953,0.32043594240753176
8,1,00531,0.43011393213493987
8,2,00166,0.42561647448988854
8,3,00743,0.41488013976025423
8,4,00170,0.3962481655083428
8,5,00851,0.379094512052673
8,6,00417,0.37549817079095277
8,7,00173,0.37396212453884614
8,8,00762,0.37198042276005633
8,9,00039,0.36604722369999004
8,10,01204,0.3647841343443459
8,11,00681,0.36076119086518516
8,12,00442,0.36020600788725454
8,13,00486,0.35672103450153325
8,14,00646,0.35532152278068124
8,15,00740,0.35173455362458866
8,16,00243,0.3486133152821472
8,17,00105,0.3458288960015278
8,18,00910,0.3452503159829145
8,19,00019,0.3429479578451077
8,20,00267,0.3395302364146697
8,21,00868,0.33124887167299216
8,22,00231,0.3292516650826396
8,23,00445,0.328600179950447
8,24,00269,0.32636710293657556
8,25,00621,0.32565838181341006
8,26,00124,0.3254731038271062
8,27,00574,0.3252355273936478
8,28,00773,0.32487674431282654
8,29,00259,0.3220127135380403
8,30,00425,0.3207136120623576
8,31,00576,0.31991137941274345
8,32,00065,0.3198277103933624
8,33,00655,0.31784582894966734
8,34,00523,0.3169684512595776
8,35,00384,0.31278533570472145
8,36,00176,0.31159359411219534
8,37,00160,0.30886496529199964
8,38,01117,0.30727913298146964
8,39,00336,0.30233098535318864
8,40,00078,0.3023053581440611
8,41,00534,0.3016094993028086
8,42,00233,0.300725775225518
8,43,00829,0.3005131979843998
8,44,01131,0.29219922552687494
8,45,00578,0.28972290879422447
8,46,00765,0.2888554738818068
8,47,00348,0.2865395950917125
8,48,00947,0.28522580316427565
8,49,00104,0.28226994223701884
8,50,00106,0.2821271108940975
8,51,00353,0.28190150698125516
8,52,00356,0.2798930657232648
8,53,00624,0.2778866952652459
8,54,00263,0.27549303629913696
8,55,00051,0.27490690381701394
8,56,01202,0.27353554099546473
8,57,00529,0.27327934163050144
8,58,00996,0.2727812413998251
8,59,00154,0.2707888635469637
8,60,00704,0.2663113918332236
8,61,00102,0.26599707067035266
8,62,00115,0.26531805756444465
8,63,01146,0.26515258267190467
8,64,00786,0.2634833128645348
8,65,00216,0.2617584629585688
8,66,00620,0.2591613411086366
8,67,00883,0.2590187377777798
8,68,01148,0.2584681158908469
8,69,01030,0.257883169515142
8,70,00494,0.2568693756654206
8,71,00930,0.25671283029379066
8,72,00639,0.25610967662983747
8,73,01205,0.2556215770409246
8,74,00981,0.25540190799266205
8,75,00297,0.254737838173225
8,76,00192,0.254059567595968
8,77,00399,0.2526508473597609
8,78,00675,0.25186022454599777
8,79,00418,0.2513916206871316
8,80,01159,0.24966448663578578
8,81,00118,0.2483790858133892
8,82,00567,0.2467407933692003
8,83,00100,0.24522049807784033
8,84,00029,0.24409419471170382
8,85,00966,0.2438967771292924
8,86,01127,0.24322513343654967
8,87,00026,0.24232656104407752
8,88,00825,0.24230487336161713
8,89,00607,0.24211533998664317
8,90,00415,0.2417099199969548
8,91,00246,0.2401209997586566
8,92,01181,0.23964490619891446
8,93,00792,0.23931652343788645
8,94,01173,0.23806182531441603
8,95,00391,0.23795738869983088
8,96,01157,0.23739464777134703
8,97,00420,0.2370836368862384
8,98,00736,0.23659621923220792
8,99,00949,0.23577737923436362
8,100,00187,0.2331300152931541
9,1,00545,0.6427219397327961
9,2,00720,0.5632665512482428
9,3,00863,0.5569746537178274
9,4,00362,0.5081147028067651
9,5,00870,0.5074966173284813
9,6,00099,0.493584065424242
9,7,00408,0.47526352219201584
9,8,00165,0.4300236330163432
9,9,00654,0.42932994645517086
9,10,00933,0.42150097729514274
9,11,00059,0.41959229895733413
9,12,01018,0.4112926077962451
9,13,00120,0.4106118940081052
9,14,00266,0.40693918006395424
9,15,00197,0.4063292261523533
9,16,00339,0.4038508120574715
9,17,00781,0.3984240088786789
9,18,00184,0.3959137465969846
9,19,01088,0.39486821434559183
9,20,00355,0.39164719009997084
9,21,00376,0.38700197633347244
9,22,00014,0.38510554749746184
9,23,00426,0.3844581136488913
9,24,00866,0.38384208534878694
9,25,00009,0.37640786804168713
9,26,00221,0.3763012203138327
9,27,01216,0.36957124055817053
9,28,01219,0.3694968440191167
9,29,00414,0.36722784515314777
9,30,00174,0.3654281108540078
9,31,00086,0.35805183292052545
9,32,01115,0.356848890872957
9,33,00283,0.35585906866710615
9,34,00708,0.3555955323361922
9,35,01106,0.3549584011405635
9,36,00583,0.346558815684182
9,37,00757,0.34441425594533537
9,38,00935,0.34304156759331544
9,39,00756,0.34069448408650244
9,40,00613,0.3397597423673158
9,41,00561,0.33919422117658654
9,42,00076,0.338979573318599
9,43,00167,0.33582555509346745
9,44,00997,0.33541915031386643
9,45,00067,0.33485593455054447
9,46,00664,0.33442979005545953
9,47,00063,0.3340404955257524
9,48,00098,0.332147513054618
9,49,00832,0.33150027684781275
9,50,00332,0.3310913574952353
9,51,00985,0.3266633423414149
9,52,00091,0.32519437158317904
9,53,00723,0.32354827560603444
9,54,00386,0.3224219888727821
9,55,01001,0.3198796059784475
9,56,00562,0.31891766945278194
9,57,00468,0.31520862847145265
9,58,00874,0.3144207149289622
9,59,01108,0.3122820172410281
9,60,01027,0.3121376874824155
9,61,00752,0.3110019851547119
9,62,00549,0.30334813194113003
9,63,00779,0.3017619836493182
9,64,00853,0.3015628084672646
9,65,00382,0.30064998303264834
9,66,00133,0.3005232751586512
9,67,00026,0.2998255283731093
9,68,00878,0.2965085905162721
9,69,00582,0.2929268687270344
9,70,00839,0.2911306433229854
9,71,00252,0.29064662483904097
9,72,01059,0.28994859540523144
9,73,00410,0.2889070862360599
9,74,00854,0.28825287819861733
9,75,00794,0.28706151926909024
9,76,00778,0.28452433508875663
9,77,01011,0.2842350478324418
9,78,00202,0.28405247337586387
9,79,00857,0.28305351957381447
9,80,00751,0.2827851761938684
9,81,00974,0.28274061004476825
9,82,00674,0.2823336893109007
9,83,00204,0.28228773313648364
9,84,01096,0.28173437264439444
9,85,01131,0.2815966997448428
9,86,00747,0.28133936580155505
9,87,00581,0.280997339020351
9,88,00360,0.2803620755008809
9,89,00977,0.27446909313967516
9,90,00073,0.2742762252759332
9,91,00569,0.2733986092931235
9,92,01198,0.26986671367925497
9,93,00937,0.26924019538043975
9,94,01217,0.26308982304796624
9,95,01132,0.26067821126080837
9,96,00292,0.2601752454142884
9,97,01194,0.2590377860352317
9,98,00453,0.2586859101566778
9,99,00149,0.2577587765479512
9,100,00281,0.25686176402371474
10,1,01218,0.7969484269804966
10,2,00676,0.6685235621687542
10,3,00157,0.6192302114694639
10,4,00581,0.6017307955071857
10,5,00878,0.5531772612273307
10,6,01115,0.521699039252925
10,7,00803,0.5210431407828514
10,8,01239,0.5167218314006128
10,9,00081,0.47320008748344816
10,10,00983,0.47107982385889813
10,11,01106,0.4697950373848824
10,12,01108,0.46576539111278986
10,13,00551,0.45593085173888215
10,14,00413,0.44316254779376507
10,15,00030,0.42448179756848653
10,16,01015,0.4211795619098018
10,17,00510,0.4140328163472271
10,18,00897,0.4077694946667555
10,19,00414,0.4050026171992266
10,20,00126,0.4020542889252718
10,21,00451,0.39728408457404135
10,22,00970,0.3919098181448835
10,23,00468,0.38862953525112204
10,24,00963,0.37851454735653617
10,25,00728,0.37232059865788697
10,26,01234,0.3722404686520161
10,27,01189,0.3706309436980182
10,28,00438,0.3633288891984633
10,29,00794,0.3537049461699401
10,30,00731,0.3498537205719232
10,31,00943,0.3481463515261298
10,32,00579,0.34579531773361516
10,33,01180,0.3390015252026839
10,34,00985,0.33431259626109955
10,35,00165,0.33379486090926286
10,36,01173,0.3319000954951331
10,37,00373,0.3257711778264773
10,38,00159,0.31868364735708665
10,39,01069,0.31519836224583964
10,40,00350,0.31064614503444493
10,41,00075,0.31020678478923963
10,42,00362,0.3057503114615859
10,43,00326,0.3044788742769496
10,44,00670,0.30365320141678936
10,45,00974,0.3019199100613596
10,46,01165,0.29820942278349233
10,47,00687,0.29725492006422277
10,48,00389,0.2901306791631809
10,49,00914,0.2894262125064352
10,50,00315,0.28862679330027635
10,51,00921,0.2885248957861744
10,52,01039,0.2830837694998484
10,53,01071,0.2793338645797917
10,54,00698,0.27557752106773986
10,55,00090,0.2755742306856324
10,56,00452,0.2692451705819491
10,57,00843,0.2614367085854249
10,58,00992,0.2605426497034648
10,59,00239,0.25905575394272284
10,60,00767,0.2566343105948335
10,61,01066,0.2566015402483035
10,62,00162,0.25513714341661375
10,63,00806,0.25403224800899654
10,64,00708,0.25250691141103565
10,65,00689,0.2520606860341119
10,66,00093,0.2511686385271339
10,67,00276,0.2474622133885506
10,68,01154,0.24740447446652705
10,69,00906,0.24730224335201934
10,70,00019,0.24696610776271177
10,71,00329,0.2459501323324309
10,72,01112,0.24527975649278758
10,73,00885,0.24340399843304691
10,74,00472,0.23958054212614405
10,75,00058,0.23931734731841245
10,76,00406,0.23750291983180177
10,77,00061,0.23683498817569862
10,78,00349,0.23481777980169727
10,79,01102,0.2324302265242102
10,80,00027,0.23083015259862663
10,81,00999,0.22632452409739243
10,82,00385,0.22329300831257376
10,83,01080,0.22325025334337115
10,84,01215,0.2221015553613788
10,85,00271,0.2218440456361733
10,86,00212,0.22182738345457612
10,87,00135,0.22144442332237657
10,88,00238,0.2192835990962201
10,89,01171,0.21531636519929825
10,90,00709,0.21316252488955695
10,91,01093,0.2078884470251478
10,92,00163,0.20733299570981853
10,93,01111,0.2043354136116811
10,94,00774,0.20417243534204965
10,95,00824,0.1969512417529816
10,96,00516,0.19304641816342524
10,97,00735,0.19160140023743524
10,98,00823,0.18827460482778935
10,99,00376,0.18795443268788917
10,100,00006,0.18671896059084886
11,1,00796,0.7397713637891736
11,2,00991,0.5936642868445596
11,3,00909,0.5862795263488949
11,4,00649,0.5856431738679548
11,5,00799,0.5668834956117822
11,6,01119,0.55764051790321
11,7,00908,0.5489980054223321
11,8,00518,0.5370262154444793
11,9,00659,0.5286286161014152
11,10,00319,0.5267955073385872
11,11,00396,0.5201381810072353
11,12,00096,0.5025482141426877
11,13,00834,0.49736101742436106
11,14,00798,0.4909048082009517
11,15,00033,0.4849576033353127
11,16,00483,0.47732715197570813
11,17,00835,0.47286686635420727
11,18,00071,0.4720393293626277
11,19,00712,0.46695736561207873
11,20,00470,0.45401095503101185
11,21,00836,0.45340471102593516
11,22,00234,0.447239038229863
11,23,00318,0.4466186961429401
11,24,00849,0.4438584619746515
11,25,00158,0.4429427127011174
11,26,00596,0.4407055028956796
11,27,00035,0.43603982780233
11,28,01064,0.4311734906539063
11,29,00353,0.4298625429107714
11,30,00175,0.42518385311032403
11,31,01002,0.42302170958262175
11,32,01178,0.4227682609628299
11,33,01014,0.4191801046562406
11,34,00775,0.41646729669723326
11,35,00378,0.4158830834027953
11,36,00186,0.41309342424009843
11,37,00012,0.4018461644375397
11,38,00831,0.39945034836686444
11,39,00280,0.39943281139760783
11,40,00010,0.3972239920507857
11,41,00697,0.39214186433277753
11,42,00877,0.38905297169833675
11,43,00788,0.3797470167846254
11,44,01028,0.3786946822256066
11,45,01113,0.36931555468560606
11,46,00038,0.36707383786702913
11,47,00772,0.3602861801460744
11,48,00661,0.35097102319362833
11,49,01226,0.3417322729723284
11,50,00330,0.33364869626894633
11,51,00671,0.3323395778722158
11,52,00482,0.33216868575046654
11,53,00969,0.3294540290663189
11,54,01079,0.3261883536842655
11,55,01174,0.3136390619763188
11,56,00871,0.31353618502882824
11,57,01194,0.3076100587450564
11,58,00779,0.3061258130458544
11,59,00600,0.2878836100615725
11,60,01176,0.28435478910388184
11,61,00192,0.2817208398081421
11,62,00684,0.2814675889325406
11,63,00016,0.2779368133936462
11,64,00801,0.27664774301850104
11,65,01131,0.2739151533252298
11,66,00607,0.2673292643254855
11,67,00097,0.2630701316608594
11,68,00429,0.26282484957701774
11,69,01000,0.2625315391992012
11,70,00099,0.25970459743092666
11,71,00959,0.25889535277257514
11,72,00356,0.25801869397704597
11,73,00641,0.25419003853294503
11,74,00784,0.2541083882322924
11,75,00173,0.2507075102531286
11,76,00056,0.24944261830486975
11,77,00900,0.24852180213776662
11,78,01157,0.24090032603077546
11,79,00333,0.2395233565470458
11,80,00743,0.23892549847097477
11,81,00473,0.2337125362444497
11,82,00550,0.22729811347988943
11,83,00306,0.2264004987899128
11,84,00258,0.22606473797219426
11,85,00812,0.22582305026766908
11,86,01051,0.22539642276907612
11,87,00529,0.22412121202376808
11,88,00102,0.2213125844036481
11,89,00707,0.21833353472932795
11,90,00968,0.21645619069978145
11,91,01022,0.21253206725141643
11,92,00981,0.21165408297668323
11,93,00818,0.21129698949101294
11,94,00115,0.20488164597401026
11,95,00792,0.20360765583250426
11,96,00141,0.20356683980172258
11,97,00858,0.202448674435077
11,98,00946,0.20065122352105116
11,99,00335,0.19930975111900115
11,100,00403,0.19736448056575356
12,1,00070,0.5297083196406955
12,2,00046,0.507420476307893
12,3,00393,0.5068358233940446
12,4,00896,0.4788558502015691
12,5,00381,0.44668037209240474
12,6,00872,0.4416864103125094
12,7,00430,0.4377459326371949
12,8,00504,0.43752465908154387
12,9,00216,0.4336550903892988
12,10,01051,0.4323500239122182
12,11,00919,0.42820143483835066
12,12,00125,0.4141532644757052
12,13,00765,0.40667129387025786
12,14,00740,0.4012611014814606
12,15,00615,0.4001110327668039
12,16,00605,0.390923336624687
12,17,00466,0.3880387449891727
12,18,00383,0.3860363591545224
12,19,00140,0.3858539270151109
12,20,00544,0.38532720376949703
12,21,01017,0.37573725087319654
12,22,00032,0.3700427650562728
12,23,00287,0.3642659680857703
12,24,00538,0.36035413646404046
12,25,00278,0.3597741485100273
12,26,01050,0.35533338972929407
12,27,00895,0.3552413629853114
12,28,00123,0.3542070843815809
12,29,00623,0.3524940813211512
12,30,00445,0.3506789284390024
12,31,00289,0.3497583944347184
12,32,00290,0.3461832910454203
12,33,00970,0.34254120266014904
12,34,01166,0.3381696792493974
12,35,00757,0.3327220851574582
12,36,00501,0.33243768315838246
12,37,00539,0.3306536415952994
12,38,00490,0.3276546954269506
12,39,01237,0.3262652633685509
12,40,00480,0.326049810237939
12,41,01200,0.3228473533477267
12,42,00368,0.32096789334347436
12,43,00570,0.3192912295376289
12,44,00693,0.31926332601618895
12,45,00748,0.31833222286597934
12,46,00762,0.31612554123361614
12,47,00034,0.31274379053430834
12,48,01056,0.3090635996186234
12,49,00286,0.30860391200993614
12,50,00821,0.30850868819849253
12,51,00625,0.30680481686794625
12,52,00834,0.3057822324800793
12,53,00144,0.3056395599960141
12,54,00727,0.30248386367062846
12,55,01139,0.30029411771531117
12,56,00135,0.29751881754818044
12,57,00502,0.2967631666480134
12,58,00924,0.29673670939257274
12,59,00758,0.2947233075057432
12,60,00207,0.2943404767740261
12,61,00566,0.2934728025018532
12,62,00591,0.291405184579776
12,63,00267,0.29115839882556177
12,64,00434,0.2901784510707387
12,65,00785,0.29016624703583144
12,66,00713,0.29004775573874375
12,67,00568,0.2892380723859026
12,68,00388,0.28838299455765753
12,69,00208,0.2842186945476297
12,70,00801,0.2839881155336947
12,71,00428,0.28158502306577043
12,72,00126,0.28032679253830856
12,73,01127,0.27835521542852937
12,74,01100,0.27830259223417125
12,75,00117,0.2765718953878558
12,76,00868,0.27633707408389335
12,77,00773,0.27632116079375707
12,78,00016,0.2758490163850411
12,79,00444,0.2736599715547113
12,80,00263,0.2730276638904777
12,81,00164,0.27229781788005647
12,82,01167,0.2720800707327433
12,83,00594,0.2716387087331453
12,84,00214,0.27031264564410346
12,85,00255,0.26810760856275134
12,86,01057,0.2674771981515392
12,87,01066,0.263412016175636
12,88,00039,0.2611156482404196
12,89,00348,0.26110770482006496
12,90,00049,0.2568594648527311
12,91,00681,0.25684010588088224
12,92,00224,0.25612624982995225
12,93,00138,0.25521828092070253
12,94,00930,0.25218000573181426
12,95,00691,0.2515299734184551
12,96,00364,0.25117423076932943
12,97,01072,0.24964961846747624
12,98,00163,0.24759633338495896
12,99,00562,0.24643540045379966
12,100,01146,0.24565331754855074
13,1,00182,0.6160959598241953
13,2,00944,0.5702013969624863
13,3,00682,0.4659804149527374
13,4,00880,0.4618127329212225
13,5,00905,0.46166258914401026
13,6,00547,0.4431736784843028
13,7,00881,0.43296359125295075
13,8,01186,0.4148472377309024
13,9,00209,0.4115898926828073
13,10,00948,0.4115187763301772
13,11,00915,0.40407533561946885
13,12,00670,0.3993329650399429
13,13,00180,0.3941090033653036
13,14,01069,0.3929022476972437
13,15,00456,0.38887914630433834
13,16,01212,0.3823118183901928
13,17,00879,0.37992688518319995
13,18,01122,0.37946450277064864
13,19,00647,0.3718502240590559
13,20,00030,0.37087161609244745
13,21,00672,0.3701284756941725
13,22,00571,0.367307482148607
13,23,00826,0.36706323396285534
13,24,00941,0.36516033599866504
13,25,00112,0.36195451438982057
13,26,00215,0.350400835301559
13,27,00493,0.34769673211606317
13,28,00605,0.3475085059156512
13,29,00127,0.34430283718441806
13,30,00348,0.34232162886463374
13,31,00532,0.3392825281923019
13,32,01232,0.3380660205257767
13,33,00370,0.33375156086731617
13,34,00509,0.331321158858615
13,35,00076,0.33091242022857587
13,36,01124,0.3302245304862066
13,37,01191,0.3269406752180445
13,38,00728,0.3252363897196264
13,39,00060,0.3223923483491735
13,40,00446,0.3210410913195756
13,41,00251,0.31714109634202575
13,42,00208,0.31170516729989284
13,43,00522,0.31014108011656255
13,44,00244,0.30712176602989333
13,45,00479,0.30451181155202817
13,46,00643,0.30398030300185525
13,47,01151,0.30346068535409304
13,48,00078,0.2955085195840312
13,49,00222,0.2953209546503786
13,50,01158,0.29404419250365943
13,51,00089,0.29178114941559324
13,52,00931,0.291594673271326
13,53,00719,0.28988997820531615
13,54,01192,0.2898868967614479
13,55,00890,0.28908236571292445
13,56,00709,0.2885338208879438
13,57,00435,0.2865732368990805
13,58,00784,0.2828494074143306
13,59,00921,0.2826123174357917
13,60,00913,0.2823443250088428
13,61,00499,0.2819575406673067
13,62,00652,0.280236815328735
13,63,00301,0.27942937422086417
13,64,00278,0.2792084938367792
13,65,00782,0.2791338756025825
13,66,00920,0.2756305658753237
13,67,00336,0.2742559183516909
13,68,01054,0.2739020243897355
13,69,00063,0.27150612058007967
13,70,00973,0.2704738044059575
13,71,00496,0.2699207794873363
13,72,01008,0.2698162830126286
13,73,00412,0.2685580261180151
13,74,01102,0.2661968303983686
13,75,00506,0.26314800043107517
13,76,01004,0.26273900381965676
13,77,01207,0.26003308406284104
13,78,00415,0.258945612894844
13,79,00068,0.25777854077799806
13,80,00753,0.255978872200127
13,81,01076,0.25397063310450896
13,82,00333,0.25329568252508744
13,83,00721,0.24801743232819207
13,84,00524,0.24653823043220355
13,85,00766,0.24579016048494684
13,86,00866,0.24404375977931542
13,87,00793,0.2440421078047065
13,88,00207,0.24388235199367575
13,89,00650,0.24364002059910575
13,90,00519,0.2417059583549632
13,91,00314,0.2409640250176266
13,92,00544,0.2408730910855253
13,93,00366,0.2386277178889386
13,94,01123,0.23685648496226852
13,95,00041,0.23578380852063827
13,96,01047,0.2326465300464799
13,97,00490,0.23257183265982015
13,98,00616,0.23077592912433448
13,99,00390,0.2299640512035586
13,100,00106,0.22845264450148994
14,1,00448,0.6564461182877616
14,2,01041,0.554142945609843
14,3,00815,0.5532195612147373
14,4,01117,0.5454248235386492
14,5,01214,0.5388137203034007
14,6,00653,0.529875649295748
14,7,00946,0.5188777276206721
14,8,00899,0.5133833754484293
14,9,01073,0.5043760484193116
14,10,01052,0.5034607361542808
14,11,00087,0.48754702623603663
14,12,00791,0.48047291244110857
14,13,00913,0.47372581532459435
14,14,00338,0.4709806061368483
14,15,01151,0.4666230079233937
14,16,01061,0.4657490066762183
14,17,00225,0.4653050433547476
14,18,00817,0.45767985122246396
14,19,01123,0.4535761922094984
14,20,00242,0.45232828098190697
14,21,01177,0.4490637093372954
14,22,00793,0.4435717043147401
14,23,01182,0.44238622667275446
14,24,00938,0.4396955182275439
14,25,00274,0.43857053749185837
14,26,00920,0.4377984584247432
14,27,00254,0.4339775963923744
14,28,01045,0.4336386860249783
14,29,00672,0.4335733816866933
14,30,00643,0.4279852530975307
14,31,01084,0.42722475630357254
14,32,00584,0.4258284262419941
14,33,00638,0.4244529749484237
14,34,01047,0.41807879627742667
14,35,00719,0.41763430762996473
14,36,00882,0.4138658561218522
14,37,01186,0.4134544201381385
14,38,00616,0.4134172481378785
14,39,01235,0.4127329504162631
14,40,00413,0.41150341874181173
14,41,01153,0.4076590910074298
14,42,00155,0.4012851387204301
14,43,00846,0.39948461127652624
14,44,01008,0.3983058310443076
14,45,00798,0.39612275716610074
14,46,01003,0.39410997045231055
14,47,00952,0.38859591270889493
14,48,01105,0.38808775607323753
14,49,01122,0.38368291777404406
14,50,00632,0.3836655437361941
14,51,00092,0.3834117087787149
14,52,00145,0.37714108442177474
14,53,00930,0.3767511138433722
14,54,00163,0.3762389534545612
14,55,00150,0.3748766331309242
14,56,01110,0.3746775543143383
14,57,00700,0.3740682630383493
14,58,01176,0.37278414527186243
14,59,00714,0.3701901721728545
14,60,00630,0.3683390959549807
14,61,00652,0.3653024558271395
14,62,01220,0.36355717457794345
14,63,00467,0.3633927249116737
14,64,00407,0.3633804911955836
14,65,00868,0.3626137941938243
14,66,00314,0.360129810918288
14,67,00050,0.3592887575236558
14,68,00403,0.3570642273750798
14,69,00372,0.35614496148714164
14,70,00210,0.3535703003287337
14,71,00736,0.35325453692900943
14,72,00916,0.3516845666798726
14,73,01074,0.35090449420800107
14,74,00277,0.35088368183386326
14,75,01046,0.3507343865222117
14,76,00560,0.35035891149011245
14,77,00610,0.34885283215917484
14,78,00984,0.3470605335474767
14,79,00995,0.34696739960474593
14,80,00349,0.3457418560139577
14,81,00760,0.34569416139919473
14,82,00377,0.3455174262550782
14,83,01150,0.34478303505044744
14,84,00709,0.3438366085886973
14,85,00862,0.3430051661604958
14,86,01183,0.341869131813623
14,87,00825,0.3410606663533105
14,88,00843,0.3385169966239869
14,89,01083,0.3371993024197209
14,90,00706,0.3361423887491457
14,91,00069,0.33512496667838665
14,92,00090,0.33340632737463555
14,93,00612,0.33307658523704986
14,94,00476,0.33194264379839367
14,95,01077,0.3303922307126159
14,96,00020,0.3283589616694604
14,97,00842,0.32642677736931003
14,98,00966,0.3244863909161067
14,99,01035,0.324453415169486
14,100,01072,0.32430467483466696
15,1,00601,0.5310810908804913
15,2,00822,0.5154052145800204
15,3,00422,0.5112911886522198
15,4,00477,0.4746722221972116
15,5,00285,0.4342405455018369
15,6,01062,0.428879373907075
15,7,00690,0.40809907347260066
15,8,00398,0.4051019003286024
15,9,00994,0.39256063953413195
15,10,00549,0.38719635610342423
15,11,01179,0.3804190166669798
15,12,00042,0.3678271232957058
15,13,00559,0.36171577731727095
15,14,00252,0.354510320435156
15,15,00099,0.35445417594233186
15,16,00837,0.3388500755103296
15,17,00370,0.33726157932861356
15,18,00763,0.3350279606520526
15,19,00078,0.3334045127090969
15,20,01083,0.33001887248262746
15,21,00567,0.329522677115526
15,22,00164,0.32168300225484076
15,23,00060,0.3188849867781597
15,24,00443,0.31850806219295974
15,25,00392,0.3142190526673211
15,26,00505,0.3110396678520993
15,27,00833,0.30981900977114735
15,28,00485,0.30510323312510984
15,29,00207,0.303882759055113
15,30,00475,0.30165191947350306
15,31,00354,0.30042496074210817
15,32,00703,0.2948632827937831
15,33,00083,0.2918682228338392
15,34,00450,0.2882826453793353
15,35,00617,0.2871998968630828
15,36,00202,0.2802225267377415
15,37,00670,0.2780730278171598
15,38,00770,0.27682266231030356
15,39,00517,0.2747893973148964
15,40,00069,0.2743113238948187
15,41,00239,0.27214559675611816
15,42,00352,0.2674589570221818
15,43,00373,0.26664185503952337
15,44,00333,0.2657017053789319
15,45,00322,0.26532923866380737
15,46,00112,0.2648979508140221
15,47,00434,0.25747783715849903
15,48,01192,0.252856665392979
15,49,00263,0.25150520053371705
15,50,00190,0.24612626974110058
15,51,00359,0.24475364843030442
15,52,00408,0.24214103421954658
15,53,00305,0.2407800348372916
15,54,00882,0.24016236965810803
15,55,00788,0.23796319261005958
15,56,00603,0.23685497121407817
15,57,01118,0.236074621075119
15,58,00330,0.23417774609404332
15,59,00036,0.22485188773752243
15,60,00733,0.2230185479532854
15,61,01104,0.22267240832993557
15,62,00875,0.21553430017299544
15,63,00947,0.21450613529297738
15,64,00769,0.21427437013673506
15,65,00582,0.2110639694659921
15,66,01066,0.20971570604860787
15,67,00832,0.20903362971349002
15,68,00978,0.2079292116450378
15,69,00476,0.20541832021515866
15,70,00266,0.20390028878401623
15,71,01097,0.20302463175932994
15,72,00186,0.19993226268551356
15,73,00401,0.19904855327509594
15,74,00433,0.1982702129894238
15,75,01087,0.19663120278618818
15,76,00446,0.19499472628272863
15,77,01000,0.1927036008262098
15,78,00058,0.1919168219054736
15,79,01156,0.18807661411092522
15,80,00301,0.18697701538095077
15,81,00156,0.1866358017778954
15,82,00732,0.18580168917787324
15,83,00375,0.18551586356204386
15,84,00327,0.1851840403999954
15,85,01232,0.1825686167826182
15,86,00872,0.18218820106522712
15,87,00756,0.18194140503942938
15,88,00059,0.18114929512747985
15,89,00776,0.17979722400481118
15,90,01139,0.17899818529066205
15,91,00848,0.17831245199570192
15,92,00642,0.1768960022669185
15,93,00138,0.17463448024976824
15,94,00678,0.17285870020602162
15,95,00738,0.17054728910766997
15,96,00842,0.16921554035936007
15,97,00766,0.1685735608611008
15,98,00017,0.16846951273021257
15,99,00136,0.16830837200108925
15,100,00806,0.1675521717498826
16,1,00649,0.5036682900845388
16,2,00473,0.4797817343072059
16,3,00333,0.46828049771656965
16,4,00659,0.45649653418138586
16,5,01147,0.45276124297683024
16,6,01119,0.4502708492727901
16,7,00788,0.44654125416530577
16,8,01226,0.4398543212313899
16,9,00036,0.43591083670918074
16,10,00908,0.4190544392855224
16,11,00113,0.4068852844504628
16,12,00991,0.4030433727423774
16,13,00186,0.3816344624884652
16,14,00518,0.3780154011575127
16,15,00799,0.37640589247998135
16,16,00301,0.3570513795997812
16,17,00237,0.35623209643606984
16,18,00234,0.3522548798985714
16,19,00470,0.3459535252202581
16,20,00472,0.3444480118922817
16,21,00396,0.3374535885900813
16,22,00483,0.336961191792045
16,23,00258,0.33478834828692555
16,24,00775,0.3346660387880944
16,25,00443,0.3318838144789649
16,26,00797,0.33156323746925037
16,27,00183,0.3315478015354257
16,28,00962,0.33033878320545346
16,29,00038,0.32793983711061686
16,30,01174,0.32739427940813404
16,31,00661,0.32541172158098636
16,32,00096,0.32363459096161973
16,33,00071,0.3235088056580933
16,34,00426,0.32168335798960396
16,35,00255,0.32058767320196957
16,36,00596,0.3163946366686757
16,37,00835,0.315147847102154
16,38,00834,0.31394403696854334
16,39,01098,0.310865201986937
16,40,00319,0.3096927348221128
16,41,00198,0.3075142707409599
16,42,00801,0.30616312530484036
16,43,00344,0.3041110759567905
16,44,01232,0.3033354402681644
16,45,00863,0.2991375399243953
16,46,01126,0.2990289310733671
16,47,00017,0.2979198643056743
16,48,00875,0.29751489873947
16,49,00798,0.2961138265421609
16,50,00550,0.29602840176934253
16,51,00697,0.2954995403887306
16,52,01006,0.29518001706633046
16,53,00131,0.2916174662291309
16,54,00679,0.2911201876083754
16,55,00909,0.28976931056265876
16,56,00763,0.28661060026905133
16,57,00003,0.2859444564578521
16,58,01000,0.2842516001029375
16,59,00879,0.28031357196453727
16,60,00678,0.2766951965058142
16,61,00841,0.27639722546874773
16,62,00582,0.27529570817449683
16,63,00712,0.2746977992736095
16,64,00175,0.2707568750424768
16,65,00022,0.2679986673161913
16,66,00772,0.26794977693734606
16,67,00752,0.26552379528689907
16,68,01002,0.2647214686786541
16,69,00133,0.26406401773509564
16,70,00257,0.26364218474341033
16,71,00351,0.2636135923094232
16,72,00871,0.26302153684890717
16,73,00854,0.26218637700883435
16,74,01037,0.2604651876722329
16,75,00804,0.2602911613924764
16,76,01064,0.2599702451195377
16,77,00033,0.2583363490124174
16,78,00263,0.2581299735404632
16,79,00870,0.25751818871727455
16,80,00849,0.2547307303360618
16,81,01085,0.25449980908776115
16,82,01028,0.25375830204454564
16,83,00298,0.2525605099312059
16,84,00857,0.25110566038819226
16,85,00410,0.25108986836977953
16,86,00013,0.2508393438332708
16,87,01021,0.2501228560099343
16,88,00339,0.24970266996558768
16,89,01112,0.24964369710363205
16,90,00747,0.24913902615624656
16,91,00543,0.24812425891413223
16,92,00853,0.24767437210418047
16,93,00378,0.24760701319737585
16,94,00599,0.24742995816012933
16,95,00098,0.24720378848124572
16,96,01059,0.2463764609704205
16,97,00318,0.24330848292881688
16,98,00422,0.24324505425130277
16,99,00204,0.24206137108293976
16,100,00063,0.24183912235290905
17,1,00823,0.555082389294407
17,2,00321,0.5326816076140536
17,3,00628,0.5184621717173731
17,4,00331,0.5183812938296577
17,5,00089,0.5071063886746375
17,6,00696,0.48143305450025947
17,7,00327,0.4806469896688304
17,8,01093,0.4792979082469032
17,9,00735,0.46882793624680164
17,10,00300,0.4574415381831607
17,11,00651,0.4395360816021128
17,12,00101,0.43801431444656336
17,13,00088,0.43390907020071956
17,14,00939,0.4337002381039039
17,15,00782,0.43248027156107804
17,16,00575,0.42392621879006137
17,17,00542,0.4231437298949761
17,18,00650,0.4218007468885392
17,19,00049,0.41216702766795194
17,20,00739,0.40258300473750064
17,21,00673,0.4018907984147357
17,22,00847,0.39658035826381666
17,23,00730,0.3956151386218488
17,24,00911,0.39052479499933
17,25,01129,0.39046013108378624
17,26,00203,0.3893398066258431
17,27,00810,0.388232393185679
17,28,00460,0.3830948351174704
17,29,01070,0.38126186011131946
17,30,00818,0.3799021150044918
17,31,01089,0.3764817768793979
17,32,00389,0.37324181077962504
17,33,01078,0.3715582280532799
17,34,00131,0.37002758911339195
17,35,01179,0.3673767445860016
17,36,01010,0.3638543233519509
17,37,00813,0.362661093462025
17,38,01101,0.360205010315702
17,39,01081,0.3595821286450429
17,40,01128,0.35946320609440163
17,41,00510,0.3588606671437895
17,42,01012,0.35730746596120255
17,43,00639,0.3545454427600874
17,44,00334,0.3488601528165309
17,45,00291,0.3432711066300223
17,46,00949,0.3426113680105798
17,47,01009,0.34102932982769124
17,48,00744,0.34073588195758386
17,49,01146,0.3381834788399564
17,50,00852,0.33680297521199637
17,51,01205,0.3342860240991463
17,52,00599,0.33004562539242466
17,53,00952,0.3277301558902732
17,54,00603,0.3254149758428051
17,55,01035,0.3246593636041552
17,56,00891,0.32410754354183896
17,57,00295,0.3232861606311623
17,58,01055,0.31999052961426105
17,59,00185,0.3191400204650153
17,60,00535,0.31905447318469504
17,61,01044,0.3175639735929747
17,62,00622,0.31577423160512363
17,63,00251,0.31567474870032985
17,64,01034,0.3154592638931772
17,65,00907,0.31353128994084717
17,66,00941,0.31228255656838916
17,67,01107,0.31099796133603824
17,68,00816,0.3106946634493815
17,69,00332,0.307767042247408
17,70,01076,0.30750513166316895
17,71,00791,0.30507707529085376
17,72,01023,0.3043915344491226
17,73,00755,0.30346606543109683
17,74,00392,0.303071411520984
17,75,00734,0.30270013184853933
17,76,00079,0.3021911952454225
17,77,00888,0.3020637939471537
17,78,00830,0.30185460004054715
17,79,01092,0.30154758189610265
17,80,00645,0.30048634245786704
17,81,00360,0.3003746444824337
17,82,00838,0.2995597873212178
17,83,00359,0.2991109926454186
17,84,00634,0.2969839269240354
17,85,00506,0.2964815497176721
17,86,01037,0.29643412818369064
17,87,00127,0.29527783507062555
17,88,00150,0.29415790336711484
17,89,00405,0.29363226074702653
17,90,00058,0.29351266668813963
17,91,00693,0.2934647213732843
17,92,00869,0.29300218679742973
17,93,00379,0.29242199857719237
17,94,00688,0.29231499509937015
17,95,01166,0.29221291969296037
17,96,00212,0.2890497364709407
17,97,00249,0.2889914737088477
17,98,00543,0.28814794320369225
17,99,01140,0.287250938977062
17,100,00329,0.2871511231876999
18,1,01016,0.5831641593439166
18,2,00220,0.4834284847605856
18,3,00181,0.46910656370524606
18,4,00395,0.4677966710835633
18,5,00313,0.4484135873705363
18,6,00816,0.43186056799555655
18,7,00642,0.4151789578504078
18,8,00153,0.4138629695090602
18,9,00424,0.3918671042149148
18,10,00423,0.3865178030609222
18,11,00082,0.3682884209986754
18,12,00199,0.3643830128768424
18,13,00993,0.36293584600447043
18,14,00474,0.36100756835238235
18,15,00730,0.3608813490163335
18,16,00656,0.35658005908621837
18,17,00361,0.35627694809624477
18,18,00185,0.35207244545492394
18,19,00205,0.3478379348199445
18,20,00658,0.34577304042584145
18,21,00810,0.3382857242322641
18,22,00844,0.3329779611041118
18,23,01034,0.3269284854222214
18,24,00660,0.3250867272403289
18,25,00657,0.32096449603315536
18,26,01168,0.3202546444815764
18,27,00227,0.3164910094958341
18,28,00232,0.31627000081140516
18,29,00894,0.3156204670398302
18,30,00992,0.3122426276945295
18,31,00291,0.309256068776013
18,32,00900,0.304889901681522
18,33,00540,0.2989737590141667
18,34,00760,0.2905527909515897
18,35,00119,0.28794529611415276
18,36,00813,0.2782793798113585
18,37,00359,0.27820575689502713
18,38,00103,0.2755226199111327
18,39,01162,0.274625367125451
18,40,00268,0.2713367265470716
18,41,00616,0.26058896299664214
18,42,00224,0.2593743265919916
18,43,00308,0.2589004695366954
18,44,01087,0.2581293047812136
18,45,00781,0.25773355439759105
18,46,01116,0.2572582178922038
18,47,00292,0.2565956948502411
18,48,00688,0.24973223680655565
18,49,00994,0.24917892995716845
18,50,01213,0.245657968708838
18,51,00156,0.2427758983904603
18,52,00456,0.24093385895954406
18,53,00641,0.23652472933012736
18,54,00762,0.23631411026380175
18,55,01021,0.23614999447633506
18,56,00089,0.23264227859199973
18,57,01012,0.23245156037374176
18,58,00203,0.23224625117741202
18,59,00596,0.23149186675016503
18,60,00824,0.22835602415369766
18,61,01215,0.22781832080346093
18,62,00418,0.2239157037797076
18,63,00133,0.22256737002273733
18,64,00251,0.21493664797013512
18,65,01107,0.2141789475833704
18,66,01095,0.212313900906147
18,67,00146,0.2092135854176829
18,68,00097,0.2071129105064246
18,69,00693,0.1928516283256263
18,70,00294,0.1916444554639803
18,71,00888,0.1894364484381986
18,72,00330,0.18907879307731804
18,73,00090,0.18731761454745485
18,74,00935,0.18529824160739186
18,75,00450,0.18384167536568813
18,76,00830,0.180051438144211
18,77,00363,0.17995754945575704
18,78,00018,0.17796253020156189
18,79,00990,0.1770347297337796
18,80,00152,0.17690937885059888
18,81,00684,0.1757402654024615
18,82,00212,0.17309263631573507
18,83,00326,0.17302026863370965
18,84,01009,0.17141553807496077
18,85,00286,0.16943023923301526
18,86,00965,0.168502940917944
18,87,00120,0.16518967014662964
18,88,00806,0.16389785890990463
18,89,00629,0.16244726026049136
18,90,00323,0.1620526188448862
18,91,01101,0.1610881764120911
18,92,00135,0.1603050990094005
18,93,00550,0.15981816130141066
18,94,00767,0.15845570185269786
18,95,00109,0.1580079733512863
18,96,01042,0.15587210808856497
18,97,00266,0.154684152861424
18,98,00391,0.1533626170024821
18,99,00725,0.15211373881202506
18,100,00991,0.1506772039866418
19,1,00759,0.6489342751874658
19,2,00385,0.6153469995344254
19,3,00648,0.6010709456613286
19,4,00906,0.5898273764797506
19,5,00363,0.5858872828303316
19,6,00934,0.5714051656512675
19,7,01101,0.5608638279115957
19,8,00979,0.5452852977157696
19,9,00851,0.5420439721892026
19,10,00267,0.5402967655250119
19,11,00445,0.5234730708456193
19,12,00770,0.5035942589797765
19,13,00762,0.4913355819832277
19,14,00897,0.47923261178256654
19,15,00898,0.46937738391390377
19,16,01128,0.4680295252328277
19,17,00936,0.46278954643033904
19,18,00379,0.4605260662160402
19,19,01118,0.4605199978735988
19,20,00262,0.4566485441481187
19,21,00042,0.4509044791529126
19,22,00438,0.4497098897044025
19,23,00615,0.44153614544361364
19,24,01129,0.4385071465559473
19,25,00622,0.4382369397222415
19,26,01140,0.43614781565341004
19,27,01000,0.43240322222738886
19,28,01114,0.42903170167545024
19,29,00893,0.4205558416247544
19,30,00342,0.41820550956465774
19,31,00852,0.4130160701712981
19,32,00506,0.407726252397897
19,33,00068,0.40637983454803756
19,34,01015,0.4022660051487115
19,35,01146,0.39674547319482656
19,36,00049,0.39593372162253515
19,37,00704,0.3915127006758698
19,38,00163,0.3879732945426637
19,39,00472,0.38745662723700336
19,40,00693,0.3870396230602866
19,41,00510,0.3864265005032435
19,42,00703,0.3834354242560194
19,43,00091,0.3824022058303718
19,44,01205,0.380289311315917
19,45,00687,0.379228455533199
19,46,00692,0.37917252998976875
19,47,00146,0.3755761291695606
19,48,00150,0.3744245395196266
19,49,00131,0.3700192930352426
19,50,01055,0.36961730000524057
19,51,00392,0.3688951078940148
19,52,00094,0.3688896631728267
19,53,00755,0.362615385757379
19,54,00963,0.36152413160343966
19,55,00559,0.3602905208308316
19,56,00767,0.35941375101146383
19,57,00314,0.3587034113328694
19,58,00130,0.3556686778948144
19,59,00740,0.35551788072941154
19,60,00806,0.35504037962369694
19,61,00039,0.3547306072752138
19,62,00019,0.3522009791875871
19,63,00315,0.35186202813425504
19,64,00643,0.34807183181796014
19,65,00953,0.34691479839975164
19,66,01234,0.3459247880423838
19,67,00090,0.3457078993324014
19,68,01141,0.34057248533726553
19,69,00914,0.3398296179599346
19,70,01152,0.3372960499652584
19,71,00240,0.33674345031528974
19,72,00502,0.33577544187317493
19,73,00646,0.33388167235762595
19,74,00732,0.3328050096163079
19,75,01068,0.3325665822701901
19,76,01111,0.3306721633241646
19,77,00052,0.33062012698378007
19,78,01053,0.3267300838547584
19,79,01180,0.326554715943298
19,80,00634,0.32588385125541597
19,81,00616,0.3209099614680286
19,82,00891,0.3205384804272164
19,83,00029,0.32006635302357406
19,84,00413,0.31814321860741673
19,85,00949,0.3178707124284305
19,86,00452,0.3178690454027717
19,87,00326,0.3161299321330227
19,88,00730,0.3102265141492439
19,89,00168,0.3096464400028419
19,90,00156,0.30836130346377755
19,91,00962,0.3079796773875951
19,92,01105,0.3079017368506571
19,93,00159,0.30778944525464336
19,94,01189,0.30630949745987074
19,95,00478,0.3056689395144984
19,96,00075,0.3056042675198111
19,97,00575,0.3050653189236314
19,98,00371,0.30459389920700275
19,99,00098,0.30396411140001456
19,100,00669,0.3032764071351616
