Query	Document_ID	Rank	Similarity
query_0	00533	1	22.913286209106445
query_0	00957	2	19.50114250183105
query_0	00827	3	18.4983024597168
query_0	00960	4	17.51595687866211
query_0	00741	5	17.411277770996094
query_0	01201	6	17.40215492248535
query_0	00499	7	17.228647232055664
query_0	00867	8	16.887243270874023
query_0	00484	9	16.863731384277344
query_0	01185	10	16.7677059173584
query_0	00147	11	16.756526947021484
query_0	00742	12	16.695669174194336
query_0	00754	13	16.656661987304688
query_0	01107	14	16.536590576171875
query_0	00139	15	16.531864166259766
query_0	01145	16	15.81858730316162
query_0	00265	17	15.716362953186035
query_0	00967	18	15.7105712890625
query_0	00636	19	15.673751831054688
query_0	00481	20	15.555402755737305
query_0	00559	21	15.339595794677734
query_0	00189	22	15.15875244140625
query_0	00975	23	15.077503204345703
query_0	00568	24	15.02295207977295
query_0	00441	25	15.002141952514648
query_0	00201	26	14.885211944580078
query_0	00151	27	14.840561866760254
query_0	00108	28	14.783380508422852
query_0	00711	29	14.78096866607666
query_0	00850	30	14.61311149597168
query_0	00011	31	14.599263191223145
query_0	00690	32	14.373669624328612
query_0	01238	33	14.368163108825684
query_0	00302	34	14.334964752197266
query_0	00451	35	14.304697036743164
query_0	00461	36	14.274478912353516
query_0	00790	37	14.21751308441162
query_0	01173	38	14.08049488067627
query_0	00562	39	13.931634902954102
query_0	00950	40	13.926076889038086
query_0	01171	41	13.924878120422363
query_0	00435	42	13.842708587646484
query_0	00693	43	13.842657089233398
query_0	00505	44	13.83050537109375
query_0	00392	45	13.79149055480957
query_0	00766	46	13.788914680480955
query_0	00501	47	13.775028228759766
query_0	00765	48	13.764748573303224
query_0	00526	49	13.753341674804688
query_0	00563	50	13.73853874206543
query_0	00878	51	13.700857162475586
query_0	00266	52	13.699352264404297
query_0	00437	53	13.688302993774414
query_0	00543	54	13.685232162475586
query_0	00190	55	13.636820793151855
query_0	00676	56	13.634305000305176
query_0	00386	57	13.599109649658203
query_0	01200	58	13.59817886352539
query_0	00382	59	13.562335968017578
query_0	00085	60	13.483109474182127
query_0	00901	61	13.453448295593262
query_0	00205	62	13.370779991149902
query_0	00040	63	13.326085090637209
query_0	01167	64	13.264373779296877
query_0	01203	65	13.254709243774414
query_0	00648	66	13.248558044433594
query_0	00925	67	13.233704566955566
query_0	01159	68	13.216822624206545
query_0	01209	69	13.198461532592772
query_0	01227	70	13.183624267578123
query_0	00912	71	13.139729499816896
query_0	00314	72	13.086114883422852
query_0	00498	73	13.07816219329834
query_0	00662	74	13.075965881347656
query_0	00311	75	13.069933891296388
query_0	00973	76	13.069808959960938
query_0	00794	77	13.061861991882324
query_0	00998	78	13.051484107971191
query_0	00303	79	13.04442024230957
query_0	00895	80	13.036086082458496
query_0	00810	81	13.02990436553955
query_0	00538	82	13.011547088623049
query_0	00166	83	13.009105682373049
query_0	00439	84	13.006718635559082
query_0	00223	85	12.996734619140623
query_0	00961	86	12.978029251098633
query_0	00536	87	12.972085952758787
query_0	01016	88	12.972028732299805
query_0	01076	89	12.96631908416748
query_0	00564	90	12.953140258789062
query_0	00758	91	12.952999114990234
query_0	00172	92	12.9342622756958
query_0	00055	93	12.926569938659668
query_0	01078	94	12.888246536254885
query_0	01188	95	12.881321907043455
query_0	00062	96	12.878742218017578
query_0	00589	97	12.838909149169922
query_0	00378	98	12.829693794250488
query_0	00812	99	12.823674201965332
query_0	01161	100	12.79891872406006
query_1	00499	1	17.102157592773438
query_1	00151	2	16.44454574584961
query_1	01173	3	16.333749771118164
query_1	00754	4	16.189104080200195
query_1	00592	5	16.181076049804688
query_1	00265	6	15.687777519226074
query_1	00980	7	15.604686737060549
query_1	00007	8	15.542637825012209
query_1	00382	9	15.463029861450195
query_1	00589	10	15.415477752685549
query_1	00455	11	15.305953025817873
query_1	00533	12	15.291316032409668
query_1	01019	13	15.271210670471191
query_1	00437	14	15.124645233154297
query_1	00805	15	15.109764099121094
query_1	00481	16	15.097702980041504
query_1	00439	17	15.089167594909668
query_1	01125	18	15.047148704528809
query_1	00912	19	14.961727142333984
query_1	00788	20	14.944461822509766
query_1	00790	21	14.863061904907228
query_1	00297	22	14.81203842163086
query_1	00733	23	14.792442321777344
query_1	00559	24	14.777217864990234
query_1	01145	25	14.749881744384766
query_1	00588	26	14.746944427490234
query_1	01175	27	14.685104370117188
query_1	00867	28	14.659976959228516
query_1	00463	29	14.653173446655272
query_1	00441	30	14.57094383239746
query_1	00693	31	14.545504570007324
query_1	00451	32	14.51351833343506
query_1	00301	33	14.465631484985352
query_1	00176	34	14.418350219726562
query_1	01171	35	14.398740768432615
query_1	00541	36	14.279825210571287
query_1	00975	37	14.241973876953123
query_1	00172	38	14.232872009277344
query_1	01185	39	14.162971496582031
query_1	00333	40	14.11343002319336
query_1	00853	41	14.109360694885254
query_1	01169	42	14.109169006347656
query_1	00988	43	14.05302619934082
query_1	00011	44	14.014039039611816
query_1	00498	45	13.99983024597168
query_1	00742	46	13.998342514038086
query_1	00904	47	13.99818229675293
query_1	00614	48	13.993013381958008
query_1	00690	49	13.98505401611328
query_1	00475	50	13.968870162963867
query_1	00957	51	13.919807434082031
query_1	00755	52	13.909109115600586
query_1	00987	53	13.847962379455566
query_1	00114	54	13.828794479370115
query_1	00189	55	13.794623374938965
query_1	01238	56	13.702651977539062
query_1	00100	57	13.69948959350586
query_1	00683	58	13.698135375976562
query_1	00901	59	13.658570289611816
query_1	00375	60	13.651123046875
query_1	00031	61	13.631906509399414
query_1	00006	62	13.59352684020996
query_1	01099	63	13.589561462402344
query_1	00108	64	13.583135604858398
query_1	00205	65	13.580574035644531
query_1	00374	66	13.570192337036133
query_1	00311	67	13.533498764038086
query_1	00223	68	13.52015209197998
query_1	01227	69	13.507503509521484
query_1	00314	70	13.50067138671875
query_1	00685	71	13.50039291381836
query_1	00711	72	13.40408420562744
query_1	00632	73	13.39988136291504
query_1	00017	74	13.393930435180664
query_1	00147	75	13.373284339904783
query_1	00748	76	13.353290557861328
query_1	00168	77	13.344430923461914
query_1	00956	78	13.312552452087402
query_1	00062	79	13.312493324279783
query_1	00424	80	13.302332878112791
query_1	00201	81	13.29060173034668
query_1	00810	82	13.272231101989746
query_1	00751	83	13.262929916381836
query_1	01159	84	13.255882263183594
query_1	00895	85	13.25448989868164
query_1	00543	86	13.254264831542969
query_1	00427	87	13.251060485839844
query_1	01163	88	13.230438232421877
query_1	00080	89	13.219098091125488
query_1	00085	90	13.210527420043944
query_1	00662	91	13.199735641479492
query_1	00459	92	13.194843292236328
query_1	01078	93	13.184637069702148
query_1	00089	94	13.17749309539795
query_1	00812	95	13.154250144958496
query_1	01049	96	13.132359504699709
query_1	00563	97	13.12688159942627
query_1	00688	98	13.12636661529541
query_1	00048	99	13.10838508605957
query_1	01167	100	13.105567932128906
query_2	00633	1	22.155506134033203
query_2	01206	2	18.395973205566406
query_2	01175	3	18.273578643798828
query_2	00439	4	17.98382568359375
query_2	01161	5	17.384424209594727
query_2	00956	6	17.262907028198242
query_2	00536	7	16.955373764038086
query_2	00959	8	16.952543258666992
query_2	00139	9	16.89813995361328
query_2	00961	10	16.74032974243164
query_2	00150	11	16.533727645874023
query_2	01165	12	16.495197296142578
query_2	00936	13	16.427589416503906
query_2	00680	14	16.341167449951172
query_2	00856	15	16.33493423461914
query_2	00124	16	16.29490089416504
query_2	00147	17	16.20616912841797
query_2	00375	18	16.204387664794922
query_2	00118	19	16.168190002441406
query_2	01024	20	16.081886291503906
query_2	00526	21	15.875065803527832
query_2	00425	22	15.864575386047363
query_2	00585	23	15.862773895263672
query_2	00246	24	15.862740516662598
query_2	00320	25	15.813828468322754
query_2	00950	26	15.804259300231934
query_2	01137	27	15.788549423217772
query_2	00853	28	15.776496887207031
query_2	01117	29	15.768260955810549
query_2	00748	30	15.734771728515623
query_2	01159	31	15.730835914611816
query_2	00404	32	15.64043426513672
query_2	00852	33	15.604583740234377
query_2	01171	34	15.577444076538086
query_2	00269	35	15.543988227844238
query_2	00786	36	15.522192001342772
query_2	00765	37	15.436506271362305
query_2	00527	38	15.42421054840088
query_2	00401	39	15.421497344970703
query_2	00805	40	15.40390682220459
query_2	00055	41	15.40097713470459
query_2	00529	42	15.35046672821045
query_2	00441	43	15.28822135925293
query_2	00102	44	15.24187183380127
query_2	00313	45	15.2317476272583
query_2	00989	46	15.167814254760742
query_2	00766	47	15.166223526000977
query_2	00151	48	15.160411834716797
query_2	01148	49	15.144524574279783
query_2	00455	50	15.1350736618042
query_2	00218	51	15.119352340698242
query_2	01200	52	15.065319061279297
query_2	00062	53	15.034132957458496
query_2	00561	54	15.015336990356444
query_2	00336	55	15.011330604553224
query_2	01209	56	14.996651649475098
query_2	00347	57	14.99221420288086
query_2	00231	58	14.97820281982422
query_2	01050	59	14.969564437866213
query_2	00840	60	14.937213897705078
query_2	01099	61	14.933721542358398
query_2	01238	62	14.931020736694336
query_2	00658	63	14.90623664855957
query_2	00366	64	14.897969245910645
query_2	01181	65	14.887670516967772
query_2	00655	66	14.869885444641112
query_2	01142	67	14.831814765930176
query_2	00525	68	14.823667526245115
query_2	00520	69	14.80826187133789
query_2	00107	70	14.771968841552734
query_2	00221	71	14.761198043823242
query_2	01173	72	14.753544807434082
query_2	00137	73	14.747074127197266
query_2	00702	74	14.70162296295166
query_2	01205	75	14.68996810913086
query_2	00033	76	14.686665534973145
query_2	00632	77	14.658605575561523
query_2	00106	78	14.654324531555176
query_2	00023	79	14.639629364013672
query_2	00711	80	14.607429504394531
query_2	00172	81	14.599549293518066
query_2	00975	82	14.58668327331543
query_2	00624	83	14.584738731384276
query_2	00742	84	14.578620910644531
query_2	00462	85	14.536402702331545
query_2	00292	86	14.533879280090332
query_2	00307	87	14.514606475830078
query_2	00576	88	14.483845710754396
query_2	00541	89	14.455184936523438
query_2	00710	90	14.449007987976074
query_2	00958	91	14.43793773651123
query_2	00971	92	14.430986404418944
query_2	00685	93	14.380661010742188
query_2	00283	94	14.378803253173828
query_2	01107	95	14.330931663513184
query_2	00174	96	14.29361057281494
query_2	00726	97	14.280722618103027
query_2	00312	98	14.277902603149414
query_2	01064	99	14.261921882629396
query_2	00998	100	14.249808311462402
query_3	00604	1	21.637523651123047
query_3	01039	2	19.008174896240234
query_3	00876	3	17.87090301513672
query_3	00439	4	16.878156661987305
query_3	00023	5	16.640188217163086
query_3	00928	6	16.61109733581543
query_3	00374	7	16.34354591369629
query_3	00536	8	16.16828155517578
query_3	00711	9	16.152069091796875
query_3	00820	10	15.723203659057615
query_3	00187	11	15.620827674865724
query_3	01173	12	15.550273895263672
query_3	00347	13	15.537101745605469
query_3	00461	14	15.493762969970703
query_3	00975	15	15.359152793884276
query_3	00498	16	15.347764015197754
query_3	00991	17	15.110881805419922
query_3	00278	18	15.087665557861328
query_3	01030	19	15.046459197998049
query_3	00669	20	15.046353340148926
query_3	00265	21	14.98605728149414
query_3	00499	22	14.576921463012695
query_3	00758	23	14.55588722229004
query_3	01019	24	14.487715721130373
query_3	00311	25	14.467546463012695
query_3	00614	26	14.444703102111816
query_3	00441	27	14.39785385131836
query_3	00126	28	14.39704132080078
query_3	00008	29	14.243295669555664
query_3	00725	30	14.22242546081543
query_3	00375	31	14.207704544067385
query_3	00297	32	14.136615753173828
query_3	01171	33	14.04842472076416
query_3	00007	34	14.030654907226562
query_3	00980	35	13.954708099365234
query_3	00568	36	13.883252143859863
query_3	00223	37	13.869905471801758
query_3	00052	38	13.80384635925293
query_3	00715	39	13.69260597229004
query_3	00110	40	13.683364868164062
query_3	00559	41	13.654535293579102
query_3	00522	42	13.597491264343262
query_3	00571	43	13.577051162719728
query_3	00912	44	13.553352355957031
query_3	00493	45	13.535051345825195
query_3	00539	46	13.480539321899414
query_3	00269	47	13.469934463500977
query_3	00011	48	13.285168647766112
query_3	00176	49	13.260207176208496
query_3	00031	50	13.235342025756836
query_3	01050	51	13.19134521484375
query_3	00190	52	13.141226768493652
query_3	00148	53	13.139436721801758
query_3	01170	54	13.077215194702148
query_3	00538	55	13.036745071411133
query_3	00662	56	12.975940704345703
query_3	00520	57	12.972881317138672
query_3	00527	58	12.88600254058838
query_3	00288	59	12.87339687347412
query_3	00118	60	12.856059074401855
query_3	00955	61	12.831418991088867
query_3	01197	62	12.82509994506836
query_3	00122	63	12.807659149169922
query_3	00555	64	12.786615371704102
query_3	00922	65	12.779199600219728
query_3	00292	66	12.775873184204102
query_3	00554	67	12.70273780822754
query_3	01228	68	12.66404151916504
query_3	01238	69	12.649888038635254
query_3	01185	70	12.613045692443848
query_3	01168	71	12.545482635498049
query_3	00589	72	12.470067977905272
query_3	01157	73	12.45898723602295
query_3	00736	74	12.449416160583496
query_3	00471	75	12.446876525878906
query_3	00246	76	12.439180374145508
query_3	01213	77	12.327129364013672
query_3	00769	78	12.279515266418455
query_3	00108	79	12.063912391662598
query_3	00962	80	12.061680793762209
query_3	00925	81	12.015801429748535
query_3	01145	82	12.003876686096191
query_3	01091	83	11.995338439941406
query_3	00029	84	11.979456901550291
query_3	00515	85	11.970949172973633
query_3	00694	86	11.944080352783203
query_3	01205	87	11.936237335205078
query_3	01206	88	11.934547424316406
query_3	01229	89	11.884532928466797
query_3	00437	90	11.846883773803713
query_3	00526	91	11.81013298034668
query_3	00440	92	11.79348850250244
query_3	00597	93	11.751110076904297
query_3	00313	94	11.627127647399902
query_3	00271	95	11.60926628112793
query_3	00837	96	11.568977355957031
query_3	00540	97	11.56258773803711
query_3	00386	98	11.490495681762695
query_3	00001	99	11.483989715576172
query_3	00457	100	11.469494819641112
query_4	00499	1	25.33512306213379
query_4	00568	2	23.292211532592773
query_4	01175	3	22.54444122314453
query_4	00439	4	22.43212509155273
query_4	00151	5	22.38721466064453
query_4	00559	6	22.033945083618164
query_4	00189	7	21.70182991027832
query_4	00711	8	21.447608947753903
query_4	00690	9	21.06622695922852
query_4	00867	10	20.910802841186523
query_4	00975	11	20.723487854003903
query_4	00110	12	20.62980842590332
query_4	01145	13	20.60372543334961
query_4	00754	14	20.122413635253903
query_4	00266	15	20.05599403381348
query_4	00691	16	19.91946601867676
query_4	00299	17	19.73760986328125
query_4	00924	18	19.678407669067383
query_4	01192	19	19.588117599487305
query_4	01238	20	19.54636001586914
query_4	00498	21	19.466676712036133
query_4	00853	22	19.31252861022949
query_4	00430	23	19.300138473510746
query_4	00265	24	19.27938270568848
query_4	00540	25	19.264728546142575
query_4	01137	26	19.244876861572266
query_4	00693	27	19.232967376708984
query_4	00856	28	19.20579719543457
query_4	00906	29	19.05747413635254
query_4	00811	30	18.920551300048828
query_4	00602	31	18.77762222290039
query_4	00174	32	18.664203643798828
query_4	00441	33	18.658784866333008
query_4	00190	34	18.61370277404785
query_4	00566	35	18.59849548339844
query_4	00501	36	18.583120346069336
query_4	00869	37	18.525066375732425
query_4	00534	38	18.490005493164062
query_4	01128	39	18.43809127807617
query_4	00562	40	18.43458747863769
query_4	01135	41	18.421499252319336
query_4	01019	42	18.39601707458496
query_4	00954	43	18.27755546569824
query_4	00168	44	18.1993350982666
query_4	00201	45	18.11306571960449
query_4	00745	46	18.045713424682617
query_4	00742	47	18.010149002075195
query_4	00297	48	17.804576873779297
query_4	00292	49	17.78689193725586
query_4	00059	50	17.786178588867188
query_4	00571	51	17.780988693237305
query_4	00895	52	17.59514045715332
query_4	00314	53	17.230636596679688
query_4	00226	54	17.073270797729492
query_4	00776	55	16.974178314208984
query_4	00495	56	16.95732307434082
query_4	00437	57	16.922040939331055
query_4	00045	58	16.885330200195312
query_4	01160	59	16.840518951416016
query_4	00957	60	16.82080078125
query_4	00481	61	16.798763275146484
query_4	00553	62	16.778602600097656
query_4	00615	63	16.752559661865234
query_4	00301	64	16.658205032348633
query_4	00398	65	16.512767791748047
query_4	00392	66	16.37867546081543
query_4	00535	67	16.227136611938477
query_4	00807	68	16.17915916442871
query_4	00594	69	16.0888729095459
query_4	00142	70	16.071216583251953
query_4	00822	71	16.068758010864258
query_4	00386	72	16.020156860351562
query_4	01210	73	15.993706703186035
query_4	01083	74	15.983354568481444
query_4	00999	75	15.958891868591309
query_4	00490	76	15.940469741821287
query_4	00364	77	15.739317893981934
query_4	00665	78	15.711004257202148
query_4	00739	79	15.695541381835938
query_4	00383	80	15.686209678649902
query_4	00744	81	15.510945320129396
query_4	01064	82	15.45391082763672
query_4	01233	83	15.047565460205078
query_4	01057	84	14.985559463500977
query_4	00977	85	14.889752388000488
query_4	00608	86	14.816879272460938
query_4	00592	87	14.815040588378906
query_4	00166	88	14.70652198791504
query_4	00788	89	14.703727722167969
query_4	01072	90	14.70059871673584
query_4	00084	91	14.616009712219238
query_4	00122	92	14.605939865112305
query_4	00909	93	14.602767944335938
query_4	00539	94	14.55512809753418
query_4	00204	95	14.53705596923828
query_4	00925	96	14.468341827392578
query_4	00497	97	14.353242874145508
query_4	00725	98	14.345129013061523
query_4	00236	99	14.326563835144045
query_4	00623	100	14.31684112548828
query_5	00593	1	17.501861572265625
query_5	00031	2	15.912656784057615
query_5	00047	3	15.55023193359375
query_5	00976	4	14.418654441833496
query_5	00533	5	14.190820693969728
query_5	00496	6	14.16910171508789
query_5	00805	7	14.02584171295166
query_5	00802	8	13.929000854492188
query_5	00546	9	13.39173698425293
query_5	00980	10	13.330933570861816
query_5	01167	11	13.317550659179688
query_5	01120	12	13.303980827331545
query_5	00374	13	13.225656509399414
query_5	00347	14	13.180841445922852
query_5	00844	15	12.891433715820312
query_5	00459	16	12.847900390625
query_5	00820	17	12.651227951049805
query_5	00498	18	12.613813400268556
query_5	00497	19	12.590609550476074
query_5	00481	20	12.492083549499512
query_5	00957	21	12.146449089050291
query_5	00027	22	12.066583633422852
query_5	01066	23	12.063775062561035
query_5	01157	24	12.051172256469728
query_5	00311	25	12.041555404663086
query_5	00441	26	12.03085231781006
query_5	00321	27	11.97877311706543
query_5	00629	28	11.953779220581056
query_5	00742	29	11.887823104858398
query_5	00860	30	11.785888671875
query_5	01229	31	11.729443550109863
query_5	00091	32	11.72776985168457
query_5	01149	33	11.697192192077637
query_5	00401	34	11.691465377807615
query_5	01199	35	11.67085075378418
query_5	00975	36	11.65894889831543
query_5	01164	37	11.6513032913208
query_5	00734	38	11.601503372192385
query_5	00577	39	11.55960178375244
query_5	00499	40	11.515796661376951
query_5	00523	41	11.497503280639648
query_5	00827	42	11.491781234741213
query_5	00323	43	11.455772399902344
query_5	01228	44	11.430462837219238
query_5	00564	45	11.396567344665527
query_5	00256	46	11.342426300048828
query_5	00341	47	11.318599700927734
query_5	00636	48	11.28799819946289
query_5	00912	49	11.28048610687256
query_5	00253	50	11.258392333984377
query_5	00085	51	11.213342666625977
query_5	01180	52	11.208117485046388
query_5	00302	53	11.20572280883789
query_5	01203	54	11.154763221740724
query_5	00543	55	11.107179641723633
query_5	00406	56	11.075854301452637
query_5	01170	57	11.057560920715332
query_5	00741	58	11.027776718139648
query_5	00563	59	11.006535530090332
query_5	00592	60	11.005343437194824
query_5	01200	61	11.001691818237305
query_5	00693	62	10.996960639953612
query_5	01092	63	10.979796409606934
query_5	00303	64	10.973315238952637
query_5	00790	65	10.935423851013184
query_5	00447	66	10.927908897399902
query_5	00716	67	10.92703628540039
query_5	00451	68	10.819926261901855
query_5	01042	69	10.790704727172852
query_5	00025	70	10.777233123779297
query_5	00333	71	10.719195365905762
query_5	00201	72	10.713688850402832
query_5	00964	73	10.701946258544922
query_5	00430	74	10.699708938598633
query_5	01197	75	10.67453670501709
query_5	00515	76	10.671977996826172
query_5	00540	77	10.671916007995604
query_5	00463	78	10.66816520690918
query_5	00229	79	10.648199081420898
query_5	01104	80	10.636804580688477
query_5	00950	81	10.613346099853516
query_5	00922	82	10.609140396118164
query_5	01155	83	10.60863208770752
query_5	00316	84	10.59828281402588
query_5	00958	85	10.598278999328612
query_5	00400	86	10.588512420654297
query_5	01032	87	10.58590316772461
query_5	00137	88	10.575149536132812
query_5	00386	89	10.552470207214355
query_5	00538	90	10.5410737991333
query_5	00166	91	10.525997161865234
query_5	00189	92	10.51735782623291
query_5	00146	93	10.50945281982422
query_5	00438	94	10.49975299835205
query_5	01169	95	10.48207664489746
query_5	00810	96	10.480117797851562
query_5	00861	97	10.477184295654297
query_5	01076	98	10.469717025756836
query_5	00589	99	10.466575622558594
query_5	00119	100	10.460150718688965
query_6	00439	1	18.251352310180664
query_6	00256	2	17.894609451293945
query_6	00151	3	17.869653701782227
query_6	00633	4	17.661136627197266
query_6	01175	5	17.578041076660156
query_6	00711	6	17.215797424316406
query_6	00441	7	16.888599395751953
query_6	00399	8	16.723909378051758
query_6	00805	9	16.589582443237305
query_6	01064	10	16.58018684387207
query_6	00961	11	16.53920555114746
query_6	00437	12	16.511945724487305
query_6	01238	13	16.43393325805664
query_6	00497	14	16.372121810913086
query_6	01161	15	16.34930419921875
query_6	00975	16	16.130752563476562
query_6	01024	17	16.094972610473633
query_6	00754	18	15.91269588470459
query_6	00536	19	15.900294303894045
query_6	00118	20	15.771636962890623
query_6	00867	21	15.68354034423828
query_6	00534	22	15.648374557495115
query_6	00023	23	15.623230934143066
query_6	00685	24	15.61673069000244
query_6	00827	25	15.593868255615234
query_6	01206	26	15.577051162719728
query_6	00500	27	15.50317668914795
query_6	00498	28	15.446969985961914
query_6	00150	29	15.292628288269045
query_6	00265	30	15.21417999267578
query_6	00655	31	15.210403442382812
query_6	00856	32	15.169997215270996
query_6	00936	33	15.160778045654297
query_6	00765	34	15.12093448638916
query_6	00766	35	15.079954147338867
query_6	00371	36	15.051630020141602
query_6	00585	37	14.998818397521973
query_6	00499	38	14.975334167480469
query_6	00374	39	14.904397010803224
query_6	00055	40	14.84857177734375
query_6	00320	41	14.819243431091309
query_6	00969	42	14.80985164642334
query_6	01145	43	14.771157264709473
query_6	01165	44	14.728799819946287
query_6	00853	45	14.72249984741211
query_6	00702	46	14.691078186035156
query_6	00292	47	14.688289642333984
query_6	00680	48	14.657482147216797
query_6	00794	49	14.645007133483888
query_6	00172	50	14.62363624572754
query_6	01171	51	14.622934341430664
query_6	00541	52	14.61176300048828
query_6	00559	53	14.603436470031738
query_6	00108	54	14.584529876708984
query_6	01159	55	14.58321762084961
query_6	01137	56	14.541338920593262
query_6	00840	57	14.5280122756958
query_6	00748	58	14.52659797668457
query_6	01209	59	14.515618324279783
query_6	00425	60	14.51082706451416
query_6	00901	61	14.499728202819824
query_6	01169	62	14.477179527282717
query_6	00658	63	14.47435188293457
query_6	01107	64	14.424692153930664
query_6	01200	65	14.423891067504885
query_6	01236	66	14.418967247009276
query_6	00269	67	14.400559425354004
query_6	00455	68	14.39309310913086
query_6	00710	69	14.336783409118652
query_6	01117	70	14.303685188293455
query_6	00053	71	14.281815528869627
query_6	00924	72	14.23034954071045
query_6	00971	73	14.224456787109377
query_6	01050	74	14.220965385437012
query_6	00062	75	14.2112455368042
query_6	00786	76	14.184728622436523
query_6	00568	77	14.17210578918457
query_6	00561	78	14.171828269958496
query_6	00525	79	14.151289939880373
query_6	00812	80	14.131828308105469
query_6	00147	81	14.12920093536377
query_6	01148	82	14.127886772155762
query_6	00181	83	14.123376846313477
query_6	00283	84	14.110868453979492
query_6	00218	85	14.083916664123535
query_6	00689	86	14.079021453857422
query_6	00205	87	14.06162452697754
query_6	01173	88	14.054117202758787
query_6	00529	89	14.048628807067873
query_6	00624	90	14.039175987243652
query_6	00124	91	14.03779411315918
query_6	00312	92	14.034092903137209
query_6	00516	93	13.975512504577637
query_6	00690	94	13.962788581848145
query_6	01106	95	13.946928977966309
query_6	00336	96	13.93327808380127
query_6	00496	97	13.931859970092772
query_6	01142	98	13.922185897827148
query_6	00576	99	13.89978313446045
query_6	00481	100	13.892841339111328
query_7	01019	1	16.257022857666016
query_7	00375	2	16.251590728759766
query_7	00439	3	16.075740814208984
query_7	00956	4	15.99403953552246
query_7	00425	5	15.737603187561035
query_7	00052	6	15.699461936950684
query_7	00033	7	15.61675262451172
query_7	00624	8	15.610302925109863
query_7	00853	9	15.026668548583984
query_7	01137	10	14.855621337890623
query_7	00576	11	14.717927932739258
query_7	01171	12	14.663135528564451
query_7	00453	13	14.657388687133787
query_7	00437	14	14.575904846191406
query_7	01125	15	14.537248611450195
query_7	00561	16	14.505819320678713
query_7	00151	17	14.331406593322754
query_7	00680	18	14.139673233032228
query_7	00292	19	14.118955612182615
query_7	00011	20	13.999650955200195
query_7	00499	21	13.998958587646484
query_7	00571	22	13.895872116088867
query_7	00961	23	13.8893461227417
query_7	00534	24	13.884033203125
query_7	00336	25	13.868480682373049
query_7	00283	26	13.820086479187012
query_7	00102	27	13.81464672088623
query_7	00711	28	13.792223930358888
query_7	01173	29	13.791080474853516
query_7	01206	30	13.718124389648438
query_7	00278	31	13.703092575073242
query_7	01117	32	13.689746856689451
query_7	00904	33	13.672789573669434
query_7	00771	34	13.63796615600586
query_7	00726	35	13.63173007965088
query_7	00062	36	13.62510871887207
query_7	01159	37	13.621723175048828
query_7	01209	38	13.618961334228516
query_7	00269	39	13.61793613433838
query_7	00455	40	13.60843563079834
query_7	00936	41	13.556381225585938
query_7	00765	42	13.550603866577148
query_7	00174	43	13.499478340148926
query_7	01050	44	13.488327026367188
query_7	00655	45	13.48234748840332
query_7	00567	46	13.450464248657228
query_7	01161	47	13.40591812133789
query_7	00532	48	13.404319763183594
query_7	01145	49	13.401285171508787
query_7	00172	50	13.390419960021973
query_7	01202	51	13.376104354858398
query_7	00150	52	13.374859809875488
query_7	00337	53	13.318296432495115
query_7	00313	54	13.284435272216797
query_7	01181	55	13.261659622192385
query_7	00621	56	13.202770233154297
query_7	01099	57	13.186009407043455
query_7	00957	58	13.18283462524414
query_7	00964	59	13.179758071899414
query_7	00124	60	13.172385215759276
query_7	00625	61	13.13416862487793
query_7	00989	62	13.127994537353516
query_7	00614	63	13.125371932983398
query_7	00118	64	13.089791297912598
query_7	00681	65	13.085760116577148
query_7	01169	66	13.056882858276367
query_7	00231	67	13.031845092773438
query_7	00320	68	13.02346897125244
query_7	00959	69	12.98931121826172
query_7	00658	70	12.97690773010254
query_7	00525	71	12.917598724365234
query_7	00107	72	12.911646842956545
query_7	00840	73	12.904056549072266
query_7	00166	74	12.893522262573242
query_7	00690	75	12.892396926879885
query_7	00366	76	12.87252140045166
query_7	00347	77	12.865148544311523
query_7	00055	78	12.832513809204102
query_7	00187	79	12.819297790527344
query_7	01237	80	12.806957244873049
query_7	00754	81	12.8068265914917
query_7	00766	82	12.80305290222168
query_7	00404	83	12.795026779174805
query_7	00812	84	12.771520614624023
query_7	00526	85	12.760608673095703
query_7	00441	86	12.750693321228027
query_7	00536	87	12.721675872802734
query_7	00147	88	12.716263771057127
query_7	00819	89	12.708065032958984
query_7	00632	90	12.676416397094728
query_7	01200	91	12.67459487915039
query_7	01192	92	12.651098251342772
query_7	00401	93	12.641030311584473
query_7	00386	94	12.633139610290527
query_7	00830	95	12.606287002563477
query_7	00140	96	12.59070110321045
query_7	01142	97	12.573723793029783
query_7	00675	98	12.542800903320312
query_7	01205	99	12.541985511779783
query_7	00867	100	12.532947540283203
query_8	00870	1	15.183152198791504
query_8	00720	2	14.911951065063477
query_8	00205	3	14.681700706481934
query_8	00794	4	14.5940523147583
query_8	00690	5	14.54277229309082
query_8	00545	6	14.538896560668944
query_8	01107	7	14.33266258239746
query_8	01115	8	14.149531364440918
query_8	00853	9	14.146196365356444
query_8	00562	10	14.019786834716797
query_8	00549	11	13.57992172241211
query_8	00174	12	13.461445808410645
query_8	00676	13	13.382899284362791
query_8	00292	14	13.372711181640623
query_8	00878	15	13.364749908447266
query_8	00443	16	13.043575286865234
query_8	00355	17	12.88708209991455
query_8	00382	18	12.880995750427246
query_8	00165	19	12.838998794555664
query_8	00749	20	12.76158046722412
query_8	00493	21	12.757123947143556
query_8	01192	22	12.743685722351074
query_8	00424	23	12.652559280395508
query_8	00863	24	12.559453964233398
query_8	00266	25	12.520263671875
query_8	00283	26	12.459887504577637
query_8	00561	27	12.441154479980469
query_8	00122	28	12.34787940979004
query_8	00091	29	12.334592819213867
query_8	00126	30	12.30070686340332
query_8	00747	31	12.232524871826172
query_8	00181	32	12.180746078491213
query_8	00362	33	12.151334762573242
query_8	00918	34	12.104957580566406
query_8	01158	35	12.08818817138672
query_8	00975	36	12.024090766906738
query_8	00541	37	12.015183448791504
query_8	00563	38	12.00137710571289
query_8	01106	39	11.99087905883789
query_8	01162	40	11.962770462036133
query_8	00708	41	11.949789047241213
query_8	00854	42	11.900676727294922
query_8	00581	43	11.900325775146484
query_8	00039	44	11.896158218383787
query_8	00856	45	11.874650955200195
query_8	00386	46	11.827070236206056
query_8	00426	47	11.822641372680664
query_8	00201	48	11.781501770019531
query_8	00669	49	11.679556846618652
query_8	00495	50	11.674823760986328
query_8	00796	51	11.66249942779541
query_8	00964	52	11.652206420898438
query_8	00738	53	11.637479782104492
query_8	00613	54	11.574786186218262
query_8	00535	55	11.574300765991213
query_8	00059	56	11.49677562713623
query_8	00312	57	11.454835891723633
query_8	00992	58	11.41064453125
query_8	00099	59	11.405056953430176
query_8	01027	60	11.365523338317873
query_8	00997	61	11.32009506225586
query_8	00221	62	11.318824768066406
query_8	01059	63	11.272802352905272
query_8	00339	64	11.265810012817385
query_8	00984	65	11.25748062133789
query_8	00290	66	11.252570152282717
query_8	01216	67	11.228107452392578
query_8	01096	68	11.22518253326416
query_8	00089	69	11.211532592773438
query_8	00935	70	11.20809841156006
query_8	00414	71	11.192497253417969
query_8	00030	72	11.187747955322266
query_8	00748	73	11.171335220336914
query_8	00410	74	11.134977340698242
query_8	00408	75	11.085844039916992
query_8	00936	76	11.06821060180664
query_8	00436	77	11.06816291809082
query_8	00756	78	11.061720848083496
query_8	00857	79	11.04844856262207
query_8	00565	80	11.045262336730955
query_8	00904	81	11.014007568359377
query_8	01185	82	10.981634140014648
query_8	00062	83	10.941614151000977
query_8	00288	84	10.933683395385742
query_8	00142	85	10.914556503295898
query_8	01239	86	10.784140586853027
query_8	01198	87	10.73922061920166
query_8	00647	88	10.716483116149902
query_8	00858	89	10.682860374450684
query_8	00757	90	10.66552734375
query_8	00874	91	10.62911319732666
query_8	00965	92	10.618690490722656
query_8	00279	93	10.604975700378418
query_8	01108	94	10.59769058227539
query_8	00190	95	10.59074592590332
query_8	00559	96	10.54338550567627
query_8	00301	97	10.54029369354248
query_8	00691	98	10.5285005569458
query_8	00921	99	10.519414901733398
query_8	01019	100	10.466721534729004
query_9	00676	1	22.875741958618164
query_9	01106	2	18.63226127624512
query_9	00878	3	18.57303237915039
query_9	00030	4	17.900901794433594
query_9	01107	5	17.198909759521484
query_9	01218	6	17.051956176757812
query_9	00538	7	16.353496551513672
query_9	00794	8	15.929521560668944
query_9	01168	9	15.78981876373291
query_9	00581	10	15.744138717651367
query_9	01239	11	15.542607307434082
query_9	00693	12	15.468738555908203
query_9	00962	13	15.44622802734375
query_9	01108	14	15.384765625
query_9	01115	15	15.357890129089355
query_9	01201	16	15.353537559509276
query_9	00540	17	15.30830192565918
query_9	00438	18	15.284503936767578
query_9	00912	19	15.172374725341797
query_9	01039	20	15.16396713256836
query_9	01173	21	15.117265701293944
query_9	01091	22	15.099851608276367
query_9	00960	23	15.010054588317873
query_9	00765	24	15.009271621704102
query_9	01093	25	14.93039894104004
query_9	00729	26	14.870064735412598
query_9	00689	27	14.828397750854492
query_9	00392	28	14.803133010864258
query_9	00906	29	14.759087562561035
query_9	00945	30	14.745200157165527
query_9	00414	31	14.688217163085938
query_9	00157	32	14.495132446289062
query_9	01215	33	14.451532363891602
query_9	00758	34	14.393094062805176
query_9	00551	35	14.392428398132324
query_9	00460	36	14.332016944885254
query_9	00680	37	14.244946479797363
query_9	01005	38	14.154491424560549
query_9	00292	39	14.119531631469728
query_9	00181	40	14.09812831878662
query_9	00648	41	14.070207595825195
query_9	00753	42	14.064093589782717
query_9	00394	43	14.046242713928224
query_9	00246	44	13.926873207092283
query_9	00459	45	13.919766426086426
query_9	00993	46	13.851032257080078
query_9	01188	47	13.797045707702637
query_9	00563	48	13.773040771484377
query_9	00150	49	13.771552085876465
query_9	00986	50	13.7472562789917
query_9	00988	51	13.676531791687012
query_9	00767	52	13.655611038208008
query_9	00451	53	13.613447189331056
query_9	00843	54	13.608444213867188
query_9	00999	55	13.605688095092772
query_9	01102	56	13.582862854003906
query_9	01050	57	13.568754196166992
query_9	01171	58	13.55972957611084
query_9	00092	59	13.511401176452637
query_9	00419	60	13.510025024414062
query_9	00633	61	13.501445770263672
query_9	00337	62	13.499041557312012
query_9	00543	63	13.483816146850586
query_9	00992	64	13.439319610595703
query_9	00283	65	13.43225383758545
query_9	00089	66	13.428142547607422
query_9	00302	67	13.416411399841309
query_9	00669	68	13.401473999023438
query_9	00190	69	13.363205909729004
query_9	00790	70	13.34461784362793
query_9	00711	71	13.344341278076172
query_9	00153	72	13.334680557250977
query_9	00562	73	13.328495025634766
query_9	00187	74	13.318012237548828
query_9	00458	75	13.309449195861816
query_9	00320	76	13.30337905883789
query_9	00971	77	13.300024032592772
query_9	00696	78	13.276668548583984
query_9	01222	79	13.24431037902832
query_9	00118	80	13.24166202545166
query_9	00771	81	13.240843772888184
query_9	00108	82	13.222990036010742
query_9	00159	83	13.214540481567385
query_9	01076	84	13.209043502807615
query_9	00914	85	13.205516815185549
query_9	00062	86	13.200029373168944
query_9	01161	87	13.196274757385254
query_9	01071	88	13.190800666809082
query_9	00707	89	13.188651084899902
query_9	00314	90	13.178853034973145
query_9	00964	91	13.177386283874512
query_9	01180	92	13.17726230621338
query_9	01066	93	13.170056343078612
query_9	00061	94	13.162578582763672
query_9	00698	95	13.132451057434082
query_9	00588	96	13.131726264953612
query_9	00731	97	13.127569198608398
query_9	00961	98	13.117380142211914
query_9	00987	99	13.10271453857422
query_9	00106	100	13.092498779296877
query_10	00798	1	21.507831573486328
query_10	00796	2	21.338008880615234
query_10	00991	3	21.266345977783203
query_10	00649	4	20.08411979675293
query_10	00909	5	19.825084686279297
query_10	00596	6	19.129976272583008
query_10	00834	7	18.95145034790039
query_10	00799	8	18.79398536682129
query_10	00186	9	18.783493041992188
query_10	00096	10	18.746103286743164
query_10	00319	11	18.531482696533203
query_10	01064	12	18.523006439208984
query_10	00659	13	18.27771377563477
query_10	00396	14	18.25927734375
query_10	01119	15	18.006534576416016
query_10	00908	16	17.944934844970703
query_10	00518	17	17.789295196533203
query_10	00900	18	17.4019832611084
query_10	00712	19	17.29635238647461
query_10	00775	20	17.024864196777344
query_10	00788	21	16.889541625976562
query_10	00473	22	16.775390625
query_10	00875	23	16.435274124145508
query_10	01226	24	16.112468719482422
query_10	00772	25	16.072837829589844
query_10	00033	26	15.934946060180664
query_10	00835	27	15.881636619567873
query_10	01002	28	15.823704719543455
query_10	00644	29	15.71958065032959
query_10	00661	30	15.692272186279297
query_10	00470	31	15.439987182617188
query_10	00330	32	15.338481903076172
query_10	01178	33	15.2838134765625
query_10	00353	34	15.259515762329102
query_10	00322	35	14.991256713867188
query_10	00158	36	14.780323028564451
query_10	00099	37	14.65598964691162
query_10	00378	38	14.517080307006836
query_10	00946	39	14.438920974731444
query_10	00225	40	14.38015365600586
query_10	00849	41	13.991312980651855
query_10	00831	42	13.96123504638672
query_10	00483	43	13.937644004821776
query_10	01014	44	13.935065269470217
query_10	00234	45	13.915044784545898
query_10	01176	46	13.698456764221191
query_10	00071	47	13.655373573303224
query_10	01182	48	13.651012420654297
query_10	00175	49	13.632755279541016
query_10	00318	50	13.618977546691896
query_10	00038	51	13.535285949707031
query_10	00697	52	13.51231861114502
query_10	00403	53	13.426837921142578
query_10	01028	54	13.426349639892578
query_10	00877	55	13.28687858581543
query_10	00871	56	13.221883773803713
query_10	00482	57	13.092815399169922
query_10	00600	58	12.91168212890625
query_10	01174	59	12.82566261291504
query_10	00035	60	12.822866439819336
query_10	00818	61	12.609227180480955
query_10	00280	62	12.44603157043457
query_10	00147	63	10.376216888427734
query_10	00423	64	10.021269798278809
query_10	00352	65	9.979092597961426
query_10	00969	66	9.947752952575684
query_10	00429	67	9.87729835510254
query_10	00776	68	9.663722038269045
query_10	01079	69	9.401899337768556
query_10	00674	70	9.094283103942873
query_10	00559	71	9.039220809936523
query_10	00748	72	8.998141288757324
query_10	00227	73	8.937461853027344
query_10	00144	74	8.868280410766602
query_10	01006	75	8.805793762207031
query_10	00192	76	8.709300994873047
query_10	00895	77	8.566824913024902
query_10	00133	78	8.481344223022461
query_10	00012	79	8.448347091674805
query_10	00896	80	8.428166389465332
query_10	00437	81	8.426766395568848
query_10	01065	82	8.400274276733398
query_10	01099	83	8.369283676147461
query_10	00113	84	8.33621597290039
query_10	01113	85	8.331069946289062
query_10	00989	86	8.297478675842285
query_10	01141	87	8.286518096923828
query_10	00292	88	8.259276390075684
query_10	00956	89	8.236331939697266
query_10	00836	90	8.232653617858887
query_10	00283	91	8.218287467956543
query_10	00972	92	8.170098304748535
query_10	01117	93	8.162851333618164
query_10	01019	94	8.158559799194336
query_10	00860	95	8.153057098388672
query_10	00173	96	8.12073040008545
query_10	00102	97	8.100606918334961
query_10	00994	98	8.077095985412598
query_10	00681	99	8.060537338256836
query_10	00016	100	7.944384574890137
query_11	00466	1	17.513893127441406
query_11	00430	2	17.227272033691406
query_11	00602	3	16.87335968017578
query_11	00292	4	16.259428024291992
query_11	00124	5	16.253318786621094
query_11	00562	6	16.029939651489258
query_11	00658	7	15.925420761108398
query_11	00205	8	15.919806480407717
query_11	00867	9	15.911914825439451
query_11	00190	10	15.867684364318848
query_11	00322	11	15.831778526306152
query_11	00392	12	15.823736190795898
query_11	00693	13	15.743643760681152
query_11	00901	14	15.61880588531494
query_11	00765	15	15.599018096923828
query_11	01192	16	15.527822494506836
query_11	00144	17	15.488832473754885
query_11	00794	18	15.451818466186523
query_11	01039	19	15.441786766052246
query_11	00126	20	15.421744346618652
query_11	00960	21	15.384998321533203
query_11	00490	22	15.37187957763672
query_11	00297	23	15.303913116455078
query_11	00924	24	15.28147315979004
query_11	00538	25	15.271294593811035
query_11	00439	26	15.18777847290039
query_11	00394	27	15.141539573669434
query_11	00563	28	15.135420799255373
query_11	00936	29	15.069501876831056
query_11	01050	30	15.062162399291992
query_11	00312	31	15.054807662963867
query_11	00140	32	15.047372817993164
query_11	00189	33	15.03437328338623
query_11	01200	34	15.008867263793944
query_11	01161	35	14.992955207824709
query_11	00566	36	14.939702987670898
query_11	00501	37	14.901369094848633
query_11	00748	38	14.893216133117676
query_11	00993	39	14.87513828277588
query_11	00928	40	14.867352485656738
query_11	00092	41	14.85676383972168
query_11	00758	42	14.807973861694336
query_11	00283	43	14.806614875793455
query_11	01173	44	14.80018424987793
query_11	01204	45	14.783382415771484
query_11	00633	46	14.778091430664062
query_11	00314	47	14.767820358276367
query_11	00895	48	14.761964797973633
query_11	00614	49	14.748642921447754
query_11	00143	50	14.647211074829102
query_11	00984	51	14.63828468322754
query_11	00809	52	14.53213882446289
query_11	00690	53	14.511579513549805
query_11	00850	54	14.504571914672852
query_11	00062	55	14.482730865478516
query_11	00289	56	14.411951065063477
query_11	01107	57	14.405295372009276
query_11	00717	58	14.397445678710938
query_11	00055	59	14.378825187683104
query_11	00383	60	14.350228309631348
query_11	00125	61	14.321476936340332
query_11	00872	62	14.31528377532959
query_11	00424	63	14.309433937072754
query_11	00529	64	14.305581092834473
query_11	00301	65	14.279912948608398
query_11	00624	66	14.271429061889648
query_11	00559	67	14.262125968933104
query_11	00475	68	14.244584083557127
query_11	01181	69	14.226602554321287
query_11	00337	70	14.18004322052002
query_11	00539	71	14.156915664672852
query_11	00278	72	14.13845920562744
query_11	00046	73	14.002158164978027
query_11	00223	74	13.958038330078123
query_11	00534	75	13.9564847946167
query_11	00989	76	13.924842834472656
query_11	00691	77	13.8858642578125
query_11	00495	78	13.874723434448242
query_11	00986	79	13.87338638305664
query_11	00572	80	13.84642505645752
query_11	00625	81	13.828689575195312
query_11	00100	82	13.79356861114502
query_11	00347	83	13.74644947052002
query_11	00118	84	13.74351692199707
query_11	00355	85	13.720816612243652
query_11	00754	86	13.716221809387209
query_11	00063	87	13.715977668762209
query_11	00959	88	13.712660789489746
query_11	00455	89	13.697461128234863
query_11	00150	90	13.66904067993164
query_11	00680	91	13.654224395751951
query_11	01106	92	13.63083267211914
query_11	01222	93	13.607508659362791
query_11	01205	94	13.603023529052734
query_11	00536	95	13.596866607666016
query_11	00831	96	13.583819389343262
query_11	00004	97	13.572113990783691
query_11	00997	98	13.541364669799805
query_11	00201	99	13.540024757385254
query_11	00964	100	13.490424156188965
query_12	00314	1	18.7249755859375
query_12	00392	2	18.25601577758789
query_12	00867	3	17.74367904663086
query_12	01076	4	17.47212028503418
query_12	00522	5	17.166614532470703
query_12	00559	6	17.091577529907227
query_12	00301	7	16.620952606201172
query_12	01158	8	16.527326583862305
query_12	00333	9	16.507104873657227
query_12	00693	10	16.490978240966797
query_12	00690	11	16.418437957763672
query_12	00770	12	16.364870071411133
query_12	00205	13	16.13573455810547
query_12	00394	14	15.857461929321287
query_12	00822	15	15.790143966674805
query_12	00297	16	15.766287803649902
query_12	00915	17	15.607736587524414
query_12	01106	18	15.544805526733398
query_12	01186	19	15.536084175109863
query_12	00150	20	15.529250144958496
query_12	00151	21	15.510534286499023
query_12	00089	22	15.382927894592283
query_12	00928	23	15.371626853942873
query_12	00755	24	15.225388526916504
query_12	01206	25	15.219070434570312
query_12	00398	26	15.214547157287598
query_12	00092	27	15.173627853393556
query_12	01049	28	15.12612247467041
query_12	00443	29	15.10771656036377
query_12	00662	30	14.987421989440918
query_12	01192	31	14.949803352355955
query_12	00174	32	14.947511672973633
query_12	00944	33	14.905413627624512
query_12	00100	34	14.895071029663086
query_12	00658	35	14.89267921447754
query_12	01028	36	14.8792724609375
query_12	00182	37	14.85480499267578
query_12	00041	38	14.824468612670898
query_12	00017	39	14.799314498901367
query_12	00913	40	14.785415649414062
query_12	00776	41	14.714109420776367
query_12	00707	42	14.702184677124023
query_12	00052	43	14.6627779006958
query_12	00490	44	14.61050796508789
query_12	00299	45	14.571121215820312
query_12	00455	46	14.50653076171875
query_12	00962	47	14.501636505126951
query_12	00788	48	14.488271713256836
query_12	00959	49	14.4613618850708
query_12	00527	50	14.452540397644045
query_12	00532	51	14.340641021728516
query_12	00462	52	14.331732749938965
query_12	00190	53	14.302809715270996
query_12	00852	54	14.266725540161133
query_12	00350	55	14.262812614440918
query_12	00499	56	14.251856803894045
query_12	00652	57	14.247282028198242
query_12	00441	58	14.236865997314451
query_12	00571	59	14.225340843200684
query_12	01117	60	14.145089149475098
query_12	00189	61	14.118062019348145
query_12	00475	62	14.06772232055664
query_12	01002	63	13.992046356201172
query_12	00975	64	13.9751615524292
query_12	00496	65	13.973468780517578
query_12	00156	66	13.95796012878418
query_12	00425	67	13.953938484191896
query_12	00122	68	13.878891944885254
query_12	00106	69	13.783441543579102
query_12	00223	70	13.779029846191406
query_12	00648	71	13.71622085571289
query_12	00185	72	13.668375015258787
query_12	00568	73	13.544474601745604
query_12	01217	74	13.540833473205566
query_12	00292	75	13.508810997009276
query_12	01145	76	13.471474647521973
query_12	00901	77	13.44491958618164
query_12	00984	78	13.429876327514648
query_12	00540	79	13.412068367004396
query_12	01008	80	13.392290115356444
query_12	00965	81	13.369839668273926
query_12	01171	82	13.365257263183594
query_12	00055	83	13.333786010742188
query_12	01161	84	13.323222160339355
query_12	00148	85	13.286746978759766
query_12	00336	86	13.284711837768556
query_12	00562	87	13.24488353729248
query_12	00614	88	13.229170799255373
query_12	00096	89	13.223228454589844
query_12	00957	90	13.195172309875488
query_12	00978	91	13.169054985046388
query_12	00386	92	13.15247917175293
query_12	00647	93	13.145519256591797
query_12	00572	94	13.070417404174805
query_12	00998	95	13.064285278320312
query_12	00969	96	13.035223960876465
query_12	00566	97	13.019752502441406
query_12	00748	98	12.991369247436523
query_12	00688	99	12.94700050354004
query_12	01181	100	12.93386173248291
query_13	00150	1	18.08580017089844
query_13	01117	2	17.382362365722656
query_13	00946	3	17.229618072509766
query_13	00815	4	17.087600708007812
query_13	00174	5	16.813615798950195
query_13	00038	6	16.638029098510742
query_13	00697	7	16.54673957824707
query_13	00928	8	16.51824188232422
query_13	01076	9	16.33937644958496
query_13	00755	10	16.289016723632812
query_13	00462	11	16.093313217163086
query_13	01002	12	15.993358612060549
query_13	00597	13	15.950366973876951
query_13	00645	14	15.918699264526367
query_13	00852	15	15.83205223083496
query_13	01110	16	15.821206092834473
query_13	00629	17	15.690240859985352
query_13	00959	18	15.667805671691896
query_13	00658	19	15.613049507141112
query_13	00719	20	15.561800003051758
query_13	01182	21	15.432976722717283
query_13	00969	22	15.403772354125977
query_13	00246	23	15.376260757446287
query_13	00657	24	15.261028289794922
query_13	01106	25	15.25003433227539
query_13	00131	26	15.236098289489746
query_13	00293	27	15.213251113891602
query_13	00798	28	15.144378662109377
query_13	00404	29	15.122747421264648
query_13	00930	30	15.11941623687744
query_13	00092	31	15.118000030517578
query_13	00441	32	15.07338809967041
query_13	00707	33	15.00641632080078
query_13	01047	34	14.938772201538086
query_13	01237	35	14.90937614440918
query_13	00313	36	14.87432098388672
query_13	00350	37	14.853323936462402
query_13	00323	38	14.841195106506348
query_13	00989	39	14.820502281188965
query_13	01128	40	14.783039093017578
query_13	00137	41	14.713868141174316
query_13	01100	42	14.683475494384766
query_13	00380	43	14.646344184875488
query_13	00394	44	14.637091636657717
query_13	00151	45	14.629264831542969
query_13	00190	46	14.587895393371582
query_13	00695	47	14.579358100891112
query_13	00175	48	14.575033187866213
query_13	00717	49	14.56475830078125
query_13	00204	50	14.546735763549805
query_13	01008	51	14.542396545410156
query_13	00205	52	14.535929679870604
query_13	01207	53	14.512714385986328
query_13	00482	54	14.49492073059082
query_13	00754	55	14.491086959838867
query_13	00414	56	14.470728874206545
query_13	01049	57	14.442502975463867
query_13	01186	58	14.429587364196776
query_13	00532	59	14.417137145996094
query_13	00954	60	14.407028198242188
query_13	00419	61	14.385330200195312
query_13	01214	62	14.365707397460938
query_13	00676	63	14.3529052734375
query_13	00998	64	14.33620834350586
query_13	00234	65	14.329903602600098
query_13	00304	66	14.32510757446289
query_13	00211	67	14.324968338012695
query_13	00746	68	14.319544792175291
query_13	00144	69	14.317425727844238
query_13	00688	70	14.298991203308104
query_13	00235	71	14.27936840057373
query_13	00716	72	14.2782621383667
query_13	00771	73	14.273630142211914
query_13	00529	74	14.253385543823242
query_13	00401	75	14.236082077026367
query_13	00302	76	14.234325408935549
query_13	00520	77	14.234156608581545
query_13	00693	78	14.233158111572266
query_13	00355	79	14.214776992797852
query_13	00709	80	14.211277961730955
query_13	00913	81	14.19887351989746
query_13	00156	82	14.15935516357422
query_13	00899	83	14.153400421142578
query_13	01158	84	14.139549255371094
query_13	00379	85	14.127066612243652
query_13	01035	86	14.107670783996582
query_13	00403	87	14.074373245239258
query_13	00077	88	14.064932823181152
query_13	00685	89	14.062050819396973
query_13	00864	90	14.062044143676758
query_13	00483	91	14.06190013885498
query_13	01014	92	14.042147636413574
query_13	00280	93	14.02604866027832
query_13	00730	94	14.019403457641602
query_13	01133	95	13.989806175231934
query_13	00575	96	13.971857070922852
query_13	01234	97	13.96489143371582
query_13	00225	98	13.95713233947754
query_13	00817	99	13.952920913696287
query_13	00561	100	13.921064376831056
query_14	00301	1	20.46563148498535
query_14	00559	2	20.003156661987305
query_14	00398	3	19.913162231445312
query_14	00392	4	19.88057327270508
query_14	00690	5	19.685291290283203
query_14	00297	6	19.1317081451416
query_14	00475	7	18.764596939086918
query_14	00266	8	18.70249557495117
query_14	00174	9	18.65970993041992
query_14	01192	10	18.489709854125977
query_14	00822	11	18.22122573852539
query_14	00776	12	18.005374908447266
query_14	00314	13	17.77713966369629
query_14	00499	14	17.71539878845215
query_14	01216	15	17.333932876586914
query_14	00870	16	17.262683868408203
query_14	00190	17	17.031982421875
query_14	00997	18	16.931379318237305
query_14	01083	19	16.77977752685547
query_14	00965	20	16.530427932739258
query_14	00124	21	16.508745193481445
query_14	01233	22	16.3978214263916
query_14	00201	23	16.299062728881836
query_14	00292	24	16.239686965942383
query_14	01019	25	16.222347259521484
query_14	00386	26	16.202844619750977
query_14	00898	27	16.065898895263672
query_14	00205	28	16.040969848632812
query_14	01145	29	15.982763290405272
query_14	00984	30	15.954842567443848
query_14	00226	31	15.933037757873535
query_14	00568	32	15.76445198059082
query_14	00443	33	15.63547134399414
query_14	00189	34	15.599018096923828
query_14	00797	35	15.542425155639648
query_14	01179	36	15.450154304504396
query_14	00422	37	15.302162170410156
query_14	00751	38	15.234198570251465
query_14	01005	39	15.133352279663086
query_14	00312	40	14.963220596313477
query_14	00110	41	14.941657066345217
query_14	00586	42	14.898941040039062
query_14	00770	43	14.8960542678833
query_14	00122	44	14.878475189208984
query_14	00017	45	14.835674285888672
query_14	01171	46	14.77873992919922
query_14	00853	47	14.679584503173828
query_14	00733	48	14.678571701049805
query_14	00950	49	14.600141525268556
query_14	00982	50	14.593294143676758
query_14	00771	51	14.581748962402344
query_14	00763	52	14.554264068603516
query_14	01160	53	14.532020568847656
query_14	00973	54	14.514358520507812
query_14	00988	55	14.458200454711914
query_14	01016	56	14.44948673248291
query_14	00541	57	14.449124336242676
query_14	00975	58	14.394956588745115
query_14	00142	59	14.368288040161133
query_14	00566	60	14.33197784423828
query_14	00121	61	14.265642166137695
query_14	00355	62	14.259652137756348
query_14	00535	63	14.259166717529297
query_14	00665	64	14.199262619018556
query_14	00589	65	14.193798065185549
query_14	00601	66	14.191804885864258
query_14	01204	67	14.171926498413086
query_14	00424	68	14.116147994995115
query_14	00807	69	14.048797607421877
query_14	00999	70	14.016907691955566
query_14	00181	71	13.94196605682373
query_14	00726	72	13.905143737792969
query_14	00059	73	13.81556510925293
query_14	00425	74	13.756437301635742
query_14	00766	75	13.727230072021484
query_14	00646	76	13.6091890335083
query_14	00830	77	13.594757080078123
query_14	00603	78	13.566313743591309
query_14	00236	79	13.559273719787598
query_14	00265	80	13.548726081848145
query_14	00561	81	13.519596099853516
query_14	00755	82	13.48430633544922
query_14	00527	83	13.472163200378418
query_14	00102	84	13.431282043457031
query_14	00333	85	13.40241813659668
query_14	00842	86	13.36487865447998
query_14	00095	87	13.291242599487305
query_14	01118	88	13.271889686584473
query_14	00810	89	13.222633361816406
query_14	00520	90	13.19107437133789
query_14	00269	91	13.12174129486084
query_14	00099	92	13.100839614868164
query_14	00140	93	13.093411445617676
query_14	00302	94	13.048583984375
query_14	00085	95	13.003517150878906
query_14	00532	96	12.959630012512209
query_14	01226	97	12.844849586486816
query_14	01162	98	12.74188995361328
query_14	00100	99	12.643884658813477
query_14	00143	100	12.538603782653809
query_15	01119	1	17.899810791015625
query_15	00991	2	17.25872230529785
query_15	00909	3	16.82464599609375
query_15	00788	4	16.436063766479492
query_15	00649	5	16.32146453857422
query_15	00596	6	16.313255310058594
query_15	00798	7	16.242877960205078
query_15	00659	8	16.181753158569336
query_15	00186	9	15.167046546936035
query_15	01226	10	14.892614364624023
query_15	00772	11	14.88957977294922
query_15	00396	12	14.77812385559082
query_15	00473	13	14.419145584106444
query_15	00875	14	14.392955780029297
query_15	00908	15	14.256237983703612
query_15	00690	16	14.060914039611816
query_15	00096	17	14.037886619567873
query_15	00796	18	14.033397674560549
query_15	00775	19	13.703900337219238
query_15	01002	20	13.420388221740724
query_15	00661	21	13.400126457214355
query_15	00895	22	13.352416038513184
query_15	00099	23	13.237454414367676
query_15	00900	24	13.182133674621582
query_15	00443	25	13.095536231994627
query_15	00301	26	12.884842872619627
query_15	00319	27	12.825237274169922
query_15	00017	28	12.725735664367676
query_15	00322	29	12.635202407836914
query_15	00518	30	12.631086349487305
query_15	00834	31	12.439397811889648
query_15	00113	32	12.292469024658203
query_15	00712	33	12.280797958374023
query_15	01064	34	12.189838409423828
query_15	00559	35	11.900568008422852
query_15	01154	36	11.725929260253906
query_15	00870	37	11.710905075073242
query_15	00297	38	11.684252738952637
query_15	01016	39	11.605926513671877
query_15	00867	40	11.56661891937256
query_15	00422	41	11.56312370300293
query_15	00330	42	11.549806594848633
query_15	00872	43	11.42672348022461
query_15	00376	44	11.230953216552734
query_15	00799	45	11.215635299682615
query_15	00822	46	11.18223762512207
query_15	01174	47	11.157503128051758
query_15	00482	48	11.145565032958984
query_15	00946	49	11.12001609802246
query_15	00036	50	11.11065673828125
query_15	01028	51	11.095648765563965
query_15	00474	52	11.03021240234375
query_15	00545	53	11.027827262878418
query_15	00038	54	11.008169174194336
query_15	00644	55	11.004976272583008
query_15	01014	56	10.983567237854004
query_15	00733	57	10.908852577209473
query_15	00174	58	10.815292358398438
query_15	00475	59	10.801916122436523
query_15	00223	60	10.767956733703612
query_15	00801	61	10.74285125732422
query_15	00797	62	10.715797424316406
query_15	00614	63	10.705050468444824
query_15	00984	64	10.680116653442385
query_15	01019	65	10.60290241241455
query_15	00849	66	10.59350872039795
query_15	00643	67	10.57589054107666
query_15	00059	68	10.544589042663574
query_15	00003	69	10.5293550491333
query_15	00863	70	10.523700714111328
query_15	00541	71	10.48308277130127
query_15	00877	72	10.437519073486328
query_15	00175	73	10.428902626037598
query_15	00398	74	10.425447463989258
query_15	01147	75	10.41722011566162
query_15	00252	76	10.41161060333252
query_15	01011	77	10.404518127441406
query_15	00844	78	10.387528419494627
query_15	01182	79	10.386579513549805
query_15	00720	80	10.34686279296875
query_15	00124	81	10.322564125061035
query_15	00148	82	10.302652359008787
query_15	00776	83	10.298368453979492
query_15	00522	84	10.28330898284912
query_15	00809	85	10.256765365600586
query_15	00600	86	10.242712020874023
query_15	00533	87	10.230260848999023
query_15	00831	88	10.226430892944336
query_15	01217	89	10.21635627746582
query_15	00392	90	10.214107513427734
query_15	00697	91	10.197956085205078
query_15	00499	92	10.186169624328612
query_15	01173	93	10.140928268432615
query_15	00033	94	10.140563011169434
query_15	00717	95	10.132163047790527
query_15	00352	96	10.132109642028809
query_15	00915	97	10.10086727142334
query_15	00034	98	10.088271141052246
query_15	00456	99	10.075838088989258
query_15	00353	100	10.070039749145508
query_16	00392	1	17.81548500061035
query_16	00049	2	17.77427864074707
query_16	01107	3	17.44124412536621
query_16	00693	4	17.295499801635742
query_16	00852	5	16.857648849487305
query_16	00150	6	16.508068084716797
query_16	00357	7	16.13435935974121
query_16	00185	8	16.064926147460938
query_16	00823	9	15.928987503051758
query_16	00650	10	15.70063591003418
query_16	00414	11	15.271300315856934
query_16	00816	12	15.210217475891112
query_16	00962	13	15.188446998596191
query_16	01101	14	15.126834869384766
query_16	00810	15	15.027161598205566
query_16	00688	16	14.780658721923828
query_16	01168	17	14.77367877960205
query_16	00628	18	14.772918701171877
query_16	00540	19	14.745885848999023
query_16	00314	20	14.665641784667969
query_16	00205	21	14.458487510681152
query_16	00212	22	14.426170349121094
query_16	00101	23	14.397008895874023
query_16	00303	24	14.28372859954834
query_16	01106	25	14.11441135406494
query_16	00730	26	14.107379913330078
query_16	00596	27	14.075003623962402
query_16	00755	28	14.042861938476562
query_16	00092	29	13.968835830688477
query_16	00878	30	13.859977722167969
query_16	01213	31	13.81312656402588
query_16	00181	32	13.780511856079102
query_16	00648	33	13.745469093322754
query_16	01188	34	13.736743927001951
query_16	01028	35	13.73353385925293
query_16	01017	36	13.726948738098145
query_16	00438	37	13.505240440368652
query_16	00394	38	13.469945907592772
query_16	00946	39	13.45688247680664
query_16	00458	40	13.421618461608888
query_16	01206	41	13.419244766235352
query_16	00945	42	13.40563678741455
query_16	00462	43	13.389436721801758
query_16	00186	44	13.358972549438477
query_16	01089	45	13.317991256713867
query_16	00753	46	13.282773971557615
query_16	00660	47	13.245768547058104
query_16	00168	48	13.24140739440918
query_16	00413	49	13.236845970153809
query_16	00238	50	13.226628303527832
query_16	01100	51	13.174728393554688
query_16	01181	52	13.162298202514648
query_16	01179	53	13.150166511535645
query_16	00696	54	13.102803230285645
query_16	00146	55	13.084013938903809
query_16	00459	56	13.03293800354004
query_16	00506	57	13.028029441833496
query_16	01224	58	12.98192310333252
query_16	01008	59	12.966569900512695
query_16	00538	60	12.93925666809082
query_16	00159	61	12.903714179992676
query_16	01037	62	12.90178394317627
query_16	01117	63	12.835304260253906
query_16	00556	64	12.82029628753662
query_16	01128	65	12.769491195678713
query_16	00320	66	12.757671356201172
query_16	00603	67	12.753634452819824
query_16	00698	68	12.752601623535156
query_16	00959	69	12.739731788635254
query_16	01091	70	12.703543663024902
query_16	00971	71	12.680917739868164
query_16	00396	72	12.669689178466797
query_16	00061	73	12.649129867553713
query_16	00291	74	12.64599895477295
query_16	00131	75	12.621707916259766
query_16	01009	76	12.62010383605957
query_16	01081	77	12.61020278930664
query_16	00725	78	12.591352462768556
query_16	00559	79	12.381657600402832
query_16	00522	80	12.332597732543944
query_16	00089	81	12.330750465393066
query_16	00928	82	12.272829055786133
query_16	00960	83	12.228886604309082
query_16	00897	84	12.189901351928713
query_16	00207	85	12.149760246276855
query_16	01049	86	12.069122314453123
query_16	01180	87	12.06399917602539
query_16	00915	88	12.05024528503418
query_16	00460	89	12.038678169250488
query_16	01012	90	12.017934799194336
query_16	00695	91	11.987454414367676
query_16	01152	92	11.986258506774902
query_16	00326	93	11.973402976989746
query_16	00645	94	11.93496322631836
query_16	00616	95	11.93177604675293
query_16	00379	96	11.90770149230957
query_16	00708	97	11.858502388000488
query_16	01050	98	11.848100662231444
query_16	00457	99	11.831249237060549
query_16	00635	100	11.818178176879885
query_17	00540	1	18.573665618896484
query_17	01168	2	17.69127655029297
query_17	01016	3	17.588172912597656
query_17	00181	4	16.0076904296875
query_17	00185	5	15.975873947143556
query_17	00693	6	15.812226295471191
query_17	00993	7	15.457844734191896
query_17	01213	8	15.397521018981934
query_17	01107	9	15.33730697631836
query_17	00816	10	15.245068550109863
query_17	00438	11	15.227859497070312
query_17	00758	12	14.95294952392578
query_17	01115	13	14.713916778564451
query_17	01093	14	14.66702651977539
query_17	00538	15	14.547510147094728
query_17	00660	16	14.484840393066406
query_17	00988	17	14.46918773651123
query_17	00658	18	14.336873054504396
query_17	00810	19	14.117098808288574
query_17	00205	20	14.050508499145508
query_17	00543	21	14.027132987976074
query_17	00992	22	14.016239166259766
query_17	00392	23	13.953195571899414
query_17	00790	24	13.945761680603027
query_17	01215	25	13.87390422821045
query_17	00986	26	13.843019485473633
query_17	00924	27	13.842135429382324
query_17	00614	28	13.76535415649414
query_17	00878	29	13.730945587158203
query_17	00424	30	13.647884368896484
query_17	00190	31	13.624876022338867
query_17	00292	32	13.508621215820312
query_17	00153	33	13.463269233703612
query_17	00394	34	13.42165756225586
query_17	00729	35	13.357633590698242
query_17	00987	36	13.231483459472656
query_17	01171	37	13.217761993408203
query_17	00089	38	13.197367668151855
query_17	00212	39	13.172325134277344
query_17	01154	40	13.018051147460938
query_17	00730	41	12.974485397338867
query_17	00794	42	12.931594848632812
query_17	00223	43	12.871217727661133
query_17	00997	44	12.7941312789917
query_17	00220	45	12.790318489074709
query_17	01188	46	12.754108428955078
query_17	01162	47	12.744577407836914
query_17	00092	48	12.744577407836914
query_17	00395	49	12.735742568969728
query_17	00126	50	12.707192420959473
query_17	00187	51	12.69900608062744
query_17	00320	52	12.65593147277832
query_17	00689	53	12.655695915222168
query_17	01106	54	12.599791526794434
query_17	00906	55	12.586124420166016
query_17	00767	56	12.557965278625488
query_17	00629	57	12.546030044555664
query_17	00108	58	12.507013320922852
query_17	00680	59	12.499208450317385
query_17	00648	60	12.477513313293455
query_17	00765	61	12.465258598327637
query_17	01173	62	12.452820777893066
query_17	00989	63	12.436665534973145
query_17	00928	64	12.42945384979248
query_17	00146	65	12.401299476623535
query_17	00731	66	12.353641510009766
query_17	00797	67	12.352499961853027
query_17	00813	68	12.34769344329834
query_17	00999	69	12.346359252929688
query_17	00122	70	12.332586288452148
query_17	00688	71	12.294130325317385
query_17	00018	72	12.264690399169922
query_17	00961	73	12.263591766357422
query_17	00246	74	12.205084800720217
query_17	00963	75	12.176996231079102
query_17	00118	76	12.145064353942873
query_17	00914	77	12.136590003967283
query_17	00218	78	12.096500396728516
query_17	00475	79	12.094788551330566
query_17	00766	80	12.080185890197754
query_17	00337	81	12.063801765441896
query_17	00189	82	12.044183731079102
query_17	00031	83	12.033506393432615
query_17	00971	84	12.02462100982666
query_17	00455	85	12.0216646194458
query_17	00785	86	12.006013870239258
query_17	00633	87	11.98957061767578
query_17	00536	88	11.982481956481934
query_17	00311	89	11.940712928771973
query_17	00844	90	11.920016288757324
query_17	00597	91	11.915489196777344
query_17	00707	92	11.91400146484375
query_17	00102	93	11.909767150878906
query_17	00960	94	11.905789375305176
query_17	00062	95	11.901052474975586
query_17	01222	96	11.889788627624512
query_17	00347	97	11.887540817260742
query_17	00221	98	11.877267837524414
query_17	00283	99	11.863041877746582
query_17	00260	100	11.846931457519531
query_18	00392	1	22.283111572265625
query_18	00314	2	20.53439140319824
query_18	00693	3	19.81439018249512
query_18	00205	4	19.738008499145508
query_18	01107	5	18.30918884277344
query_18	00150	6	18.255746841430664
query_18	00648	7	17.613557815551758
query_18	00852	8	17.59885025024414
query_18	00185	9	17.304052352905273
query_18	00559	10	17.126102447509766
query_18	01206	11	17.07509422302246
query_18	00092	12	16.900680541992188
query_18	00398	13	16.891172409057617
query_18	00959	14	16.852371215820312
query_18	00394	15	16.71753692626953
query_18	00658	16	16.491954803466797
query_18	00462	17	16.46150779724121
query_18	00755	18	16.425548553466797
query_18	01017	19	16.382259368896484
query_18	00475	20	16.373579025268555
query_18	00915	21	16.35346221923828
query_18	00628	22	16.335893630981445
query_18	00303	23	16.32097053527832
query_18	00297	24	16.186800003051758
query_18	00962	25	16.16826629638672
query_18	00301	26	16.06369400024414
query_18	00049	27	16.007829666137695
query_18	01049	28	16.0013427734375
query_18	00984	29	15.92351531982422
query_18	00089	30	15.909093856811523
query_18	01106	31	15.901379585266112
query_18	00603	32	15.863115310668944
query_18	00538	33	15.85954761505127
query_18	00798	34	15.741945266723633
query_18	00870	35	15.732253074645996
query_18	00810	36	15.710960388183594
query_18	00725	37	15.66596221923828
query_18	01028	38	15.633843421936035
query_18	00499	39	15.608269691467283
query_18	00662	40	15.56333351135254
query_18	00438	41	15.557238578796388
query_18	00928	42	15.537954330444336
query_18	01128	43	15.53287410736084
query_18	00186	44	15.485809326171877
query_18	00522	45	15.4735746383667
query_18	00770	46	15.421221733093262
query_18	00124	47	15.34864616394043
query_18	00357	48	15.321795463562012
query_18	01050	49	15.214118957519531
query_18	01093	50	15.190853118896484
query_18	00455	51	15.156099319458008
query_18	00017	52	15.154597282409668
query_18	00823	53	15.153013229370115
query_18	01117	54	15.026945114135742
query_18	00118	55	14.920448303222656
query_18	01158	56	14.90072250366211
query_18	00690	57	14.851734161376951
query_18	00688	58	14.834139823913574
query_18	00443	59	14.79018211364746
query_18	00168	60	14.738179206848145
query_18	00914	61	14.72844696044922
query_18	00396	62	14.673179626464844
query_18	00562	63	14.638710021972656
query_18	00506	64	14.633928298950195
query_18	00660	65	14.582966804504396
query_18	00906	66	14.55420970916748
query_18	00669	67	14.51860809326172
query_18	00733	68	14.466785430908203
query_18	00961	69	14.454339027404783
query_18	00540	70	14.42039394378662
query_18	00602	71	14.416401863098145
query_18	00897	72	14.3062162399292
query_18	00100	73	14.295241355895996
query_18	00965	74	14.285773277282717
query_18	00960	75	14.226865768432615
query_18	00441	76	14.214011192321776
query_18	00413	77	14.20803165435791
query_18	01091	78	14.206513404846191
query_18	01002	79	14.189974784851074
query_18	01171	80	14.159082412719728
query_18	01173	81	14.126529693603516
query_18	00776	82	14.125133514404297
query_18	01185	83	14.122641563415527
query_18	01044	84	14.091873168945312
query_18	01101	85	14.071969985961914
query_18	00614	86	14.010120391845703
query_18	00068	87	13.963264465332031
query_18	01224	88	13.93800926208496
query_18	00543	89	13.923545837402344
query_18	00993	90	13.902956008911133
query_18	01188	91	13.896488189697266
query_18	01205	92	13.883081436157228
query_18	01226	93	13.879631996154783
query_18	00626	94	13.858726501464844
query_18	00982	95	13.853642463684082
query_18	00126	96	13.833288192749023
query_18	00320	97	13.82979965209961
query_18	01222	98	13.820112228393556
query_18	00765	99	13.80238437652588
query_18	00362	100	13.752238273620604
query_19	01168	1	22.693273544311523
query_19	00540	2	21.530872344970703
query_19	00538	3	20.58162498474121
query_19	00758	4	19.92025375366211
query_19	00962	5	19.38119506835937
query_19	01215	6	19.134307861328125
query_19	00126	7	19.006336212158203
query_19	00924	8	18.12789726257324
query_19	01066	9	18.015718460083008
query_19	00292	10	17.904741287231445
query_19	00693	11	16.90850067138672
query_19	01050	12	16.780771255493164
query_19	00208	13	16.678255081176758
query_19	01213	14	16.5929012298584
query_19	00662	15	16.383647918701172
query_19	00287	16	16.32433319091797
query_19	00205	17	16.290388107299805
query_19	00278	18	16.2455997467041
query_19	00810	19	15.94052505493164
query_19	00765	20	15.933411598205566
query_19	00539	21	15.862199783325195
query_19	01107	22	15.63600254058838
query_19	01039	23	15.625240325927734
query_19	00207	24	15.593670845031738
query_19	00993	25	15.559444427490234
query_19	00392	26	15.521154403686523
query_19	00711	27	15.433204650878906
query_19	00220	28	15.432599067687988
query_19	00185	29	15.256681442260742
query_19	01150	30	15.169281005859377
query_19	00878	31	15.099803924560549
query_19	01239	32	15.04660415649414
query_19	00543	33	15.040678977966309
query_19	00283	34	15.024924278259276
query_19	00658	35	14.958727836608888
query_19	00438	36	14.942098617553713
query_19	00181	37	14.937362670898438
query_19	00286	38	14.862066268920898
query_19	01115	39	14.810302734375
query_19	00928	40	14.80002784729004
query_19	00729	41	14.783750534057615
query_19	00676	42	14.73373794555664
query_19	00919	43	14.514296531677246
query_19	00118	44	14.45732879638672
query_19	00320	45	14.381950378417969
query_19	01016	46	14.36526870727539
query_19	01161	47	14.317743301391602
query_19	00912	48	14.317370414733888
query_19	01188	49	14.30758571624756
query_19	00973	50	14.294352531433104
query_19	00648	51	14.180530548095703
query_19	00089	52	14.156336784362791
query_19	00680	53	14.140509605407717
query_19	00302	54	14.096385955810549
query_19	00614	55	14.047934532165527
query_19	00189	56	14.025630950927734
query_19	01159	57	14.01828956604004
query_19	00999	58	13.983280181884766
query_19	00970	59	13.975257873535156
query_19	00961	60	13.926594734191896
query_19	00551	61	13.917848587036133
query_19	00688	62	13.896764755249023
query_19	00394	63	13.869694709777832
query_19	00562	64	13.847052574157717
query_19	01200	65	13.803186416625977
query_19	01076	66	13.793570518493652
query_19	00766	67	13.791563987731934
query_19	00290	68	13.788529396057127
query_19	00092	69	13.739653587341309
query_19	01091	70	13.693801879882812
query_19	00314	71	13.663721084594728
query_19	00742	72	13.641429901123049
query_19	00992	73	13.629663467407228
query_19	00964	74	13.601542472839355
query_19	00055	75	13.598838806152344
query_19	00288	76	13.591694831848145
query_19	00424	77	13.590413093566896
query_19	00963	78	13.43019199371338
query_19	01171	79	13.381023406982422
query_19	00816	80	13.378958702087402
query_19	00011	81	13.363815307617188
query_19	00459	82	13.355785369873049
query_19	00137	83	13.326025009155272
query_19	01180	84	13.294719696044922
query_19	00633	85	13.289961814880373
query_19	00048	86	13.284785270690918
query_19	01106	87	13.280250549316406
query_19	00455	88	13.262826919555664
query_19	01233	89	13.22192096710205
query_19	00650	90	13.209863662719728
query_19	00212	91	13.188886642456056
query_19	01173	92	13.166377067565918
query_19	00767	93	13.159778594970703
query_19	00823	94	13.155807495117188
query_19	00965	95	13.13604736328125
query_19	00523	96	13.135235786437988
query_19	00589	97	13.111865997314451
query_19	00960	98	13.099263191223145
query_19	01044	99	13.098103523254396
query_19	01101	100	13.078900337219238
